Workbook

Sheet Jan '25
E1: JAIKALKI TECHNOLOGY PVT. LTD.
E2: Employee Attendance Sheet
B3: =HLOOKUP(B6,$E$3:$O$4,2,0) -> 1 | E3: January | F3: February | G3: March | H3: April | I3: May | J3: June | K3: July | L3: August | M3: September | N3: October | O3: Novemeber | P3: December
E4: 1 | F4: 2 | G4: 3 | H4: 4 | I4: 5 | J4: 6 | K4: 7 | L4: 8 | M4: 9 | N4: 10 | O4: 11 | P4: 12
A5: Year | B5: 2025 | C5: D O B | D5: D O J | E5: Date | F5: 1 | G5: 2 | H5: 3 | I5: 4 | J5: 5 | K5: 6 | L5: 7 | M5: 8 | N5: 9 | O5: 10 | P5: 11 | Q5: 12 | R5: 13 | S5: 14 | T5: 15 | U5: 16 | V5: 17 | W5: 18 | X5: 19 | Y5: 20 | Z5: 21 | AA5: 22 | AB5: 23 | AC5: 24 | AD5: 25 | AE5: 26 | AF5: 27 | AG5: 28 | AH5: 29 | AI5: 30 | AJ5: 31 | AK5: Monthly Attendance Summary
A6: Month | B6: January | E6: Type of Day | F6: =IF(F7="Sun","H","W") -> W | G6: =IF(G7="Sun","H","W") -> W | H6: =IF(H7="Sun","H","W") -> W | I6: =IF(I7="Sun","H","W") -> W | J6: =IF(J7="Sun","H","W") -> H | K6: =IF(K7="Sun","H","W") -> W | L6: =IF(L7="Sun","H","W") -> W | M6: =IF(M7="Sun","H","W") -> W | ... AJ6: =IF(AJ7="Sun","H","W") -> W
A7: Emp. ID | B7: Employee Name | E7: Month | F7: =IFERROR(TEXT(DATE($B$5,$B$3,F$5),"ddd"),"") -> Wed | G7: =IFERROR(TEXT(DATE($B$5,$B$3,G$5),"ddd"),"") -> Thu | H7: =IFERROR(TEXT(DATE($B$5,$B$3,H$5),"ddd"),"") -> Fri | I7: =IFERROR(TEXT(DATE($B$5,$B$3,I$5),"ddd"),"") -> Sat | J7: =IFERROR(TEXT(DATE($B$5,$B$3,J$5),"ddd"),"") -> Sun | K7: =IFERROR(TEXT(DATE($B$5,$B$3,K$5),"ddd"),"") -> Mon | L7: =IFERROR(TEXT(DATE($B$5,$B$3,L$5),"ddd"),"") -> Tue | M7: =IFERROR(TEXT(DATE($B$5,$B$3,M$5),"ddd"),"") -> Wed | ... AJ7: =IFERROR(TEXT(DATE($B$5,$B$3,AJ$5),"ddd"),"") -> Fri | AK7: P | AL7: L | AM7: HD | AN7: NH | AO7: FH | AP7: T | AQ7: ML | AR7: EL | AS7: EL AL | AT7: SL | AU7: SL AL | AV7: CL | AW7: CL AL | AX7: Working Days | AY7: Days Payable
A8: JKT001 | B8: Shyamveer Singh | C8: 11th Sept 1991 | D8: 14th Sept 2024 | E8: =$B$6 -> January | Y8: P | Z8: P | AA8: P | AB8: P | AC8: P | AD8: P | AE8: P | AF8: P | AG8: P | AH8: P | AI8: P | AJ8: P | AK8: =COUNTIF(F8:AJ8,"P") -> 12 | AL8: =COUNTIF(F8:AJ8,"L") -> 0 | AM8: =COUNTIF(F8:AJ8,"HD") -> 0 | AN8: =COUNTIF(F8:AJ8,"NH") -> 0 | AO8: =COUNTIF(F8:AJ8,"FH") -> 0 | AP8: =COUNTIF(F8:AJ8,"T") -> 0 | AQ8: =COUNTIF(F8:AJ8,"ML") -> 0 | AR8: =COUNTIF(F8:AJ8,"EL") -> 0 | AS8: 1 | AT8: =COUNTIF(O8:AS8,"SL") -> 0 | AU8: 2 | AV8: =COUNTIF(F8:AJ8,"CL") -> 0 | AW8: 2 | AX8: =AK8+AL8+(AM8+AN8+AO8+AP8+AQ8+AR8+AT8+AV8) -> 12 | AY8: =AX8-AL8-(AM8/2) -> 12
A9: JKT002 | B9: Rohitkumar Kannojiya | C9: 10th May 2001 | D9: 14th Sept 2024 | E9: =$B$6 -> January | Y9: P | Z9: P | AA9: P | AB9: P | AC9: P | AD9: P | AE9: P | AF9: P | AG9: P | AH9: P | AI9: P | AJ9: P | AK9: =COUNTIF(F9:AJ9,"P") -> 12 | AL9: =COUNTIF(F9:AJ9,"L") -> 0 | AM9: =COUNTIF(F9:AJ9,"HD") -> 0 | AN9: =COUNTIF(F9:AJ9,"NH") -> 0 | AO9: =COUNTIF(F9:AJ9,"FH") -> 0 | AP9: =COUNTIF(F9:AJ9,"T") -> 0 | AQ9: =COUNTIF(F9:AJ9,"ML") -> 0 | AR9: =COUNTIF(F9:AJ9,"EL") -> 0 | AS9: 1 | AT9: =COUNTIF(O9:AS9,"SL") -> 0 | AU9: 2 | AV9: =COUNTIF(F9:AJ9,"CL") -> 0 | AW9: 2 | AX9: =AK9+AL9+(AM9+AN9+AO9+AP9+AQ9+AR9+AT9+AV9) -> 12 | AY9: =AX9-AL9-(AM9/2) -> 12
A10: JKT003 | B10: Krunal Trivedi | C10: 29th May 1987 | D10: 14th Sept 2024 | E10: =$B$6 -> January | Y10: P | Z10: P | AA10: P | AB10: P | AC10: P | AD10: P | AE10: P | AF10: P | AG10: P | AH10: P | AI10: P | AJ10: P | AK10: =COUNTIF(F10:AJ10,"P") -> 12 | AL10: =COUNTIF(F10:AJ10,"L") -> 0 | AM10: =COUNTIF(F10:AJ10,"HD") -> 0 | AN10: =COUNTIF(F10:AJ10,"NH") -> 0 | AO10: =COUNTIF(F10:AJ10,"FH") -> 0 | AP10: =COUNTIF(F10:AJ10,"T") -> 0 | AQ10: =COUNTIF(F10:AJ10,"ML") -> 0 | AR10: =COUNTIF(F10:AJ10,"EL") -> 0 | AS10: 1 | AT10: =COUNTIF(O10:AS10,"SL") -> 0 | AU10: 2 | AV10: =COUNTIF(F10:AJ10,"CL") -> 0 | AW10: 2 | AX10: =AK10+AL10+(AM10+AN10+AO10+AP10+AQ10+AR10+AT10+AV10) -> 12 | AY10: =AX10-AL10-(AM10/2) -> 12
A11: JKT004 | B11: Ranjeetkumar Yadav | C11: 27th Mar 1987 | D11: 14th Sept 2024 | E11: =$B$6 -> January | Y11: P | Z11: P | AA11: P | AB11: P | AC11: P | AD11: P | AE11: P | AF11: P | AG11: P | AH11: P | AI11: P | AJ11: P | AK11: =COUNTIF(F11:AJ11,"P") -> 12 | AL11: =COUNTIF(F11:AJ11,"L") -> 0 | AM11: =COUNTIF(F11:AJ11,"HD") -> 0 | AN11: =COUNTIF(F11:AJ11,"NH") -> 0 | AO11: =COUNTIF(F11:AJ11,"FH") -> 0 | AP11: =COUNTIF(F11:AJ11,"T") -> 0 | AQ11: =COUNTIF(F11:AJ11,"ML") -> 0 | AR11: =COUNTIF(F11:AJ11,"EL") -> 0 | AS11: 1 | AT11: =COUNTIF(O11:AS11,"SL") -> 0 | AU11: 2 | AV11: =COUNTIF(F11:AJ11,"CL") -> 0 | AW11: 2 | AX11: =AK11+AL11+(AM11+AN11+AO11+AP11+AQ11+AR11+AT11+AV11) -> 12 | AY11: =AX11-AL11-(AM11/2) -> 12
A12: JKT005 | B12: Santosh Vishwakarma | C12: 4th Jul 1998 | D12: 14th Sept 2024 | E12: =$B$6 -> January | Y12: P | Z12: P | AA12: P | AB12: P | AC12: P | AD12: P | AE12: P | AF12: P | AG12: P | AH12: P | AI12: P | AJ12: P | AK12: =COUNTIF(F12:AJ12,"P") -> 12 | AL12: =COUNTIF(F12:AJ12,"L") -> 0 | AM12: =COUNTIF(F12:AJ12,"HD") -> 0 | AN12: =COUNTIF(F12:AJ12,"NH") -> 0 | AO12: =COUNTIF(F12:AJ12,"FH") -> 0 | AP12: =COUNTIF(F12:AJ12,"T") -> 0 | AQ12: =COUNTIF(F12:AJ12,"ML") -> 0 | AR12: =COUNTIF(F12:AJ12,"EL") -> 0 | AS12: 1 | AT12: =COUNTIF(O12:AS12,"SL") -> 0 | AU12: 2 | AV12: =COUNTIF(F12:AJ12,"CL") -> 0 | AW12: 2 | AX12: =AK12+AL12+(AM12+AN12+AO12+AP12+AQ12+AR12+AT12+AV12) -> 12 | AY12: =AX12-AL12-(AM12/2) -> 12
A13: JKT006 | B13: Deepak Borana | C13: 23rd June 2000 | D13: 6th Jan 2025 | E13: =$B$6 -> January | Y13: P | Z13: P | AA13: P | AB13: P | AC13: P | AD13: P | AE13: P | AF13: P | AG13: P | AH13: P | AI13: P | AJ13: P | AK13: =COUNTIF(F13:AJ13,"P") -> 12 | AL13: =COUNTIF(F13:AJ13,"L") -> 0 | AM13: =COUNTIF(F13:AJ13,"HD") -> 0 | AN13: =COUNTIF(F13:AJ13,"NH") -> 0 | AO13: =COUNTIF(F13:AJ13,"FH") -> 0 | AP13: =COUNTIF(F13:AJ13,"T") -> 0 | AQ13: =COUNTIF(F13:AJ13,"ML") -> 0 | AR13: =COUNTIF(F13:AJ13,"EL") -> 0 | AS13: 1 | AT13: =COUNTIF(F13:AJ13,"SL") -> 0 | AU13: 2 | AV13: =COUNTIF(F13:AJ13,"CL") -> 0 | AW13: 2 | AX13: =AK13+AL13+(AM13+AN13+AO13+AP13+AQ13+AR13+AT13+AV13) -> 12 | AY13: =AX13-AL13-(AM13/2) -> 12
A14: JKT007 | B14: Jincy Mathew | C14: 19th April 1999 | D14: 13th Jan 2025 | E14: =$B$6 -> January | Y14: P | Z14: P | AA14: P | AB14: P | AC14: P | AD14: L | AE14: P | AF14: P | AG14: P | AH14: P | AI14: P | AJ14: P | AK14: =COUNTIF(F14:AJ14,"P") -> 11 | AL14: =COUNTIF(F14:AJ14,"L") -> 1 | AM14: =COUNTIF(F14:AJ14,"HD") -> 0 | AN14: =COUNTIF(F14:AJ14,"NH") -> 0 | AO14: =COUNTIF(F14:AJ14,"FH") -> 0 | AP14: =COUNTIF(F14:AJ14,"T") -> 0 | AQ14: =COUNTIF(F14:AJ14,"ML") -> 0 | AR14: =COUNTIF(F14:AJ14,"EL") -> 0 | AS14: 1 | AT14: =COUNTIF(F14:AJ14,"SL") -> 0 | AU14: 2 | AV14: =COUNTIF(F14:AJ14,"CL") -> 0 | AW14: 2 | AX14: =AK14+AL14+(AM14+AN14+AO14+AP14+AQ14+AR14+AT14+AV14) -> 12 | AY14: =AX14-AL14-(AM14/2) -> 11
A15: JKT008 | B15: Sanjay Jaiswar | C15: 18th Feb 2002 | D15: 16th Jan 2025 | E15: =$B$6 -> January | Y15: P | Z15: P | AA15: P | AB15: P | AC15: P | AD15: P | AE15: P | AF15: P | AG15: P | AH15: P | AI15: P | AJ15: P | AK15: =COUNTIF(F15:AJ15,"P") -> 12 | AL15: =COUNTIF(F15:AJ15,"L") -> 0 | AM15: =COUNTIF(F15:AJ15,"HD") -> 0 | AN15: =COUNTIF(F15:AJ15,"NH") -> 0 | AO15: =COUNTIF(F15:AJ15,"FH") -> 0 | AP15: =COUNTIF(F15:AJ15,"T") -> 0 | AQ15: =COUNTIF(F15:AJ15,"ML") -> 0 | AR15: =COUNTIF(F15:AJ15,"EL") -> 0 | AS15: 1 | AT15: =COUNTIF(F15:AJ15,"SL") -> 0 | AU15: 2 | AV15: =COUNTIF(F15:AJ15,"CL") -> 0 | AW15: 2 | AX15: =AK15+AL15+(AM15+AN15+AO15+AP15+AQ15+AR15+AT15+AV15) -> 12 | AY15: =AX15-AL15-(AM15/2) -> 12
A16: JKT009 | B16: Chauhan Badal | C16: 12th Mar 2002 | D16: 30th Jan 2025 | E16: =$B$6 -> January | Y16: P | Z16: P | AA16: P | AB16: P | AC16: P | AD16: L | AE16: P | AF16: P | AG16: P | AH16: P | AI16: P | AJ16: P | AK16: =COUNTIF(F16:AJ16,"P") -> 11 | AL16: =COUNTIF(F16:AJ16,"L") -> 1 | AM16: =COUNTIF(F16:AJ16,"HD") -> 0 | AN16: =COUNTIF(F16:AJ16,"NH") -> 0 | AO16: =COUNTIF(F16:AJ16,"FH") -> 0 | AP16: =COUNTIF(F16:AJ16,"T") -> 0 | AQ16: =COUNTIF(F16:AJ16,"ML") -> 0 | AR16: =COUNTIF(F16:AJ16,"EL") -> 0 | AS16: 1 | AT16: =COUNTIF(F16:AJ16,"SL") -> 0 | AU16: 2 | AV16: =COUNTIF(F16:AJ16,"CL") -> 0 | AW16: 2 | AX16: =AK16+AL16+(AM16+AN16+AO16+AP16+AQ16+AR16+AT16+AV16) -> 12 | AY16: =AX16-AL16-(AM16/2) -> 11
A17: JKT010 | B17: Vikas Kotiyan | C17: 18th Sept 1999 | D17: 17th Mar 2025 | E17: =$B$6 -> January | Y17: P | Z17: P | AA17: P | AB17: P | AC17: P | AD17: P | AE17: P | AF17: P | AG17: P | AH17: P | AI17: P | AJ17: P | AK17: =COUNTIF(F17:AJ17,"P") -> 12 | AL17: =COUNTIF(F17:AJ17,"L") -> 0 | AM17: =COUNTIF(F17:AJ17,"HD") -> 0 | AN17: =COUNTIF(F17:AJ17,"NH") -> 0 | AO17: =COUNTIF(F17:AJ17,"FH") -> 0 | AP17: =COUNTIF(F17:AJ17,"T") -> 0 | AQ17: =COUNTIF(F17:AJ17,"ML") -> 0 | AR17: =COUNTIF(F17:AJ17,"EL") -> 0 | AS17: 1 | AT17: =COUNTIF(F17:AJ17,"SL") -> 0 | AU17: 2 | AV17: =COUNTIF(F17:AJ17,"CL") -> 0 | AW17: 2 | AX17: =AK17+AL17+(AM17+AN17+AO17+AP17+AQ17+AR17+AT17+AV17) -> 12 | AY17: =AX17-AL17-(AM17/2) -> 12
A18: JKT011 | B18: Pratibha Tiwari | C18: 14th Feb 2004 | D18: 17th Apr 2025 | E18: =$B$6 -> January | Y18: P | Z18: P | AA18: P | AB18: P | AC18: P | AD18: P | AE18: P | AF18: P | AG18: P | AH18: P | AI18: P | AJ18: P | AK18: =COUNTIF(F18:AJ18,"P") -> 12 | AL18: =COUNTIF(F18:AJ18,"L") -> 0 | AM18: =COUNTIF(F18:AJ18,"HD") -> 0 | AN18: =COUNTIF(F18:AJ18,"NH") -> 0 | AO18: =COUNTIF(F18:AJ18,"FH") -> 0 | AP18: =COUNTIF(F18:AJ18,"T") -> 0 | AQ18: =COUNTIF(F18:AJ18,"ML") -> 0 | AR18: =COUNTIF(F18:AJ18,"EL") -> 0 | AS18: 1 | AT18: =COUNTIF(F18:AJ18,"SL") -> 0 | AU18: 2 | AV18: =COUNTIF(F18:AJ18,"CL") -> 0 | AW18: 2 | AX18: =AK18+AL18+(AM18+AN18+AO18+AP18+AQ18+AR18+AT18+AV18) -> 12 | AY18: =AX18-AL18-(AM18/2) -> 12
AK19: =COUNTIF(F19:AJ19,"P") -> 0 | AL19: =COUNTIF(F19:AJ19,"L") -> 0 | AM19: =COUNTIF(F19:AJ19,"HD") -> 0 | AN19: =COUNTIF(F19:AJ19,"NH") -> 0 | AO19: =COUNTIF(F19:AJ19,"FH") -> 0 | AP19: =COUNTIF(F19:AJ19,"T") -> 0 | AQ19: =COUNTIF(F19:AJ19,"ML") -> 0 | AR19: =COUNTIF(F19:AJ19,"EL") -> 0 | AS19: 1 | AT19: =COUNTIF(F19:AJ19,"SL") -> 0 | AU19: 2 | AV19: =COUNTIF(F19:AJ19,"CL") -> 0 | AW19: 2 | AX19: =AK19+AL19+(AM19+AN19+AO19+AP19+AQ19+AR19+AT19+AV19) -> 0 | AY19: =AX19-AL19-(AM19/2) -> 0
AK20: =COUNTIF(F20:AJ20,"P") -> 0 | AL20: =COUNTIF(F20:AJ20,"L") -> 0 | AM20: =COUNTIF(F20:AJ20,"HD") -> 0 | AN20: =COUNTIF(F20:AJ20,"NH") -> 0 | AO20: =COUNTIF(F20:AJ20,"FH") -> 0 | AP20: =COUNTIF(F20:AJ20,"T") -> 0 | AQ20: =COUNTIF(F20:AJ20,"ML") -> 0 | AR20: =COUNTIF(F20:AJ20,"EL") -> 0 | AS20: 1 | AT20: =COUNTIF(F20:AJ20,"SL") -> 0 | AU20: 2 | AV20: =COUNTIF(F20:AJ20,"CL") -> 0 | AW20: 2 | AX20: =AK20+AL20+(AM20+AN20+AO20+AP20+AQ20+AR20+AT20+AV20) -> 0 | AY20: =AX20-AL20-(AM20/2) -> 0
AK21: =COUNTIF(F21:AJ21,"P") -> 0 | AL21: =COUNTIF(F21:AJ21,"L") -> 0 | AM21: =COUNTIF(F21:AJ21,"HD") -> 0 | AN21: =COUNTIF(F21:AJ21,"NH") -> 0 | AO21: =COUNTIF(F21:AJ21,"FH") -> 0 | AP21: =COUNTIF(F21:AJ21,"T") -> 0 | AQ21: =COUNTIF(F21:AJ21,"ML") -> 0 | AR21: =COUNTIF(F21:AJ21,"EL") -> 0 | AS21: 1 | AT21: =COUNTIF(F21:AJ21,"SL") -> 0 | AU21: 2 | AV21: =COUNTIF(F21:AJ21,"CL") -> 0 | AW21: 2 | AX21: =AK21+AL21+(AM21+AN21+AO21+AP21+AQ21+AR21+AT21+AV21) -> 0 | AY21: =AX21-AL21-(AM21/2) -> 0
AK22: =COUNTIF(F22:AJ22,"P") -> 0 | AL22: =COUNTIF(F22:AJ22,"L") -> 0 | AM22: =COUNTIF(F22:AJ22,"HD") -> 0 | AN22: =COUNTIF(F22:AJ22,"NH") -> 0 | AO22: =COUNTIF(F22:AJ22,"FH") -> 0 | AP22: =COUNTIF(F22:AJ22,"T") -> 0 | AQ22: =COUNTIF(F22:AJ22,"ML") -> 0 | AR22: =COUNTIF(F22:AJ22,"EL") -> 0 | AS22: 1 | AT22: =COUNTIF(F22:AJ22,"SL") -> 0 | AU22: 2 | AV22: =COUNTIF(F22:AJ22,"CL") -> 0 | AW22: 2 | AX22: =AK22+AL22+(AM22+AN22+AO22+AP22+AQ22+AR22+AT22+AV22) -> 0 | AY22: =AX22-AL22-(AM22/2) -> 0
AK23: =COUNTIF(F23:AJ23,"P") -> 0 | AL23: =COUNTIF(F23:AJ23,"L") -> 0 | AM23: =COUNTIF(F23:AJ23,"HD") -> 0 | AN23: =COUNTIF(F23:AJ23,"NH") -> 0 | AO23: =COUNTIF(F23:AJ23,"FH") -> 0 | AP23: =COUNTIF(F23:AJ23,"T") -> 0 | AQ23: =COUNTIF(F23:AJ23,"ML") -> 0 | AR23: =COUNTIF(F23:AJ23,"EL") -> 0 | AS23: 1 | AT23: =COUNTIF(F23:AJ23,"SL") -> 0 | AU23: 2 | AV23: =COUNTIF(F23:AJ23,"CL") -> 0 | AW23: 2 | AX23: =AK23+AL23+(AM23+AN23+AO23+AP23+AQ23+AR23+AT23+AV23) -> 0 | AY23: =AX23-AL23-(AM23/2) -> 0
AK24: =COUNTIF(F24:AJ24,"P") -> 0 | AL24: =COUNTIF(F24:AJ24,"L") -> 0 | AM24: =COUNTIF(F24:AJ24,"HD") -> 0 | AN24: =COUNTIF(F24:AJ24,"NH") -> 0 | AO24: =COUNTIF(F24:AJ24,"FH") -> 0 | AP24: =COUNTIF(F24:AJ24,"T") -> 0 | AQ24: =COUNTIF(F24:AJ24,"ML") -> 0 | AR24: =COUNTIF(F24:AJ24,"EL") -> 0 | AS24: 1 | AT24: =COUNTIF(F24:AJ24,"SL") -> 0 | AU24: 2 | AV24: =COUNTIF(F24:AJ24,"CL") -> 0 | AW24: 2 | AX24: =AK24+AL24+(AM24+AN24+AO24+AP24+AQ24+AR24+AT24+AV24) -> 0 | AY24: =AX24-AL24-(AM24/2) -> 0
AK25: =COUNTIF(F25:AJ25,"P") -> 0 | AL25: =COUNTIF(F25:AJ25,"L") -> 0 | AM25: =COUNTIF(F25:AJ25,"HD") -> 0 | AN25: =COUNTIF(F25:AJ25,"NH") -> 0 | AO25: =COUNTIF(F25:AJ25,"FH") -> 0 | AP25: =COUNTIF(F25:AJ25,"T") -> 0 | AQ25: =COUNTIF(F25:AJ25,"ML") -> 0 | AR25: =COUNTIF(F25:AJ25,"EL") -> 0 | AS25: 1 | AT25: =COUNTIF(F25:AJ25,"SL") -> 0 | AU25: 2 | AV25: =COUNTIF(F25:AJ25,"CL") -> 0 | AW25: 2 | AX25: =AK25+AL25+(AM25+AN25+AO25+AP25+AQ25+AR25+AT25+AV25) -> 0 | AY25: =AX25-AL25-(AM25/2) -> 0
AK26: =COUNTIF(F26:AJ26,"P") -> 0 | AL26: =COUNTIF(F26:AJ26,"L") -> 0 | AM26: =COUNTIF(F26:AJ26,"HD") -> 0 | AN26: =COUNTIF(F26:AJ26,"NH") -> 0 | AO26: =COUNTIF(F26:AJ26,"FH") -> 0 | AP26: =COUNTIF(F26:AJ26,"T") -> 0 | AQ26: =COUNTIF(F26:AJ26,"ML") -> 0 | AR26: =COUNTIF(F26:AJ26,"EL") -> 0 | AS26: 1 | AT26: =COUNTIF(F26:AJ26,"SL") -> 0 | AU26: 2 | AV26: =COUNTIF(F26:AJ26,"CL") -> 0 | AW26: 2 | AX26: =AK26+AL26+(AM26+AN26+AO26+AP26+AQ26+AR26+AT26+AV26) -> 0 | AY26: =AX26-AL26-(AM26/2) -> 0
AK27: =COUNTIF(F27:AJ27,"P") -> 0 | AL27: =COUNTIF(F27:AJ27,"L") -> 0 | AM27: =COUNTIF(F27:AJ27,"HD") -> 0 | AN27: =COUNTIF(F27:AJ27,"NH") -> 0 | AO27: =COUNTIF(F27:AJ27,"FH") -> 0 | AP27: =COUNTIF(F27:AJ27,"T") -> 0 | AQ27: =COUNTIF(F27:AJ27,"ML") -> 0 | AR27: =COUNTIF(F27:AJ27,"EL") -> 0 | AS27: 1 | AT27: =COUNTIF(F27:AJ27,"SL") -> 0 | AU27: 2 | AV27: =COUNTIF(F27:AJ27,"CL") -> 0 | AW27: 2 | AX27: =AK27+AL27+(AM27+AN27+AO27+AP27+AQ27+AR27+AT27+AV27) -> 0 | AY27: =AX27-AL27-(AM27/2) -> 0
AK28: =COUNTIF(F28:AJ28,"P") -> 0 | AL28: =COUNTIF(F28:AJ28,"L") -> 0 | AM28: =COUNTIF(F28:AJ28,"HD") -> 0 | AN28: =COUNTIF(F28:AJ28,"NH") -> 0 | AO28: =COUNTIF(F28:AJ28,"FH") -> 0 | AP28: =COUNTIF(F28:AJ28,"T") -> 0 | AQ28: =COUNTIF(F28:AJ28,"ML") -> 0 | AR28: =COUNTIF(F28:AJ28,"EL") -> 0 | AS28: 1 | AT28: =COUNTIF(F28:AJ28,"SL") -> 0 | AU28: 2 | AV28: =COUNTIF(F28:AJ28,"CL") -> 0 | AW28: 2 | AX28: =AK28+AL28+(AM28+AN28+AO28+AP28+AQ28+AR28+AT28+AV28) -> 0 | AY28: =AX28-AL28-(AM28/2) -> 0
AK29: =COUNTIF(F29:AJ29,"P") -> 0 | AL29: =COUNTIF(F29:AJ29,"L") -> 0 | AM29: =COUNTIF(F29:AJ29,"HD") -> 0 | AN29: =COUNTIF(F29:AJ29,"NH") -> 0 | AO29: =COUNTIF(F29:AJ29,"FH") -> 0 | AP29: =COUNTIF(F29:AJ29,"T") -> 0 | AQ29: =COUNTIF(F29:AJ29,"ML") -> 0 | AR29: =COUNTIF(F29:AJ29,"EL") -> 0 | AS29: 1 | AT29: =COUNTIF(F29:AJ29,"SL") -> 0 | AU29: 2 | AV29: =COUNTIF(F29:AJ29,"CL") -> 0 | AW29: 2 | AX29: =AK29+AL29+(AM29+AN29+AO29+AP29+AQ29+AR29+AT29+AV29) -> 0 | AY29: =AX29-AL29-(AM29/2) -> 0
AK30: =COUNTIF(F30:AJ30,"P") -> 0 | AL30: =COUNTIF(F30:AJ30,"L") -> 0 | AM30: =COUNTIF(F30:AJ30,"HD") -> 0 | AN30: =COUNTIF(F30:AJ30,"NH") -> 0 | AO30: =COUNTIF(F30:AJ30,"FH") -> 0 | AP30: =COUNTIF(F30:AJ30,"T") -> 0 | AQ30: =COUNTIF(F30:AJ30,"ML") -> 0 | AR30: =COUNTIF(F30:AJ30,"EL") -> 0 | AS30: 1 | AT30: =COUNTIF(F30:AJ30,"SL") -> 0 | AU30: 2 | AV30: =COUNTIF(F30:AJ30,"CL") -> 0 | AW30: 2 | AX30: =AK30+AL30+(AM30+AN30+AO30+AP30+AQ30+AR30+AT30+AV30) -> 0 | AY30: =AX30-AL30-(AM30/2) -> 0
... AK62: =COUNTIF(F62:AJ62,"P") -> 0 | AL62: =COUNTIF(F62:AJ62,"L") -> 0 | AM62: =COUNTIF(F62:AJ62,"HD") -> 0 | AN62: =COUNTIF(F62:AJ62,"NH") -> 0 | AO62: =COUNTIF(F62:AJ62,"FH") -> 0 | AP62: =COUNTIF(F62:AJ62,"T") -> 0 | AQ62: =COUNTIF(F62:AJ62,"ML") -> 0 | AR62: =COUNTIF(F62:AJ62,"EL") -> 0 | AS62: 1 | AT62: =COUNTIF(F62:AJ62,"SL") -> 0 | AU62: 2 | AV62: =COUNTIF(F62:AJ62,"CL") -> 0 | AW62: 2 | AX62: =AK62+AL62+(AM62+AN62+AO62+AP62+AQ62+AR62+AT62+AV62) -> 0 | AY62: =AX62-AL62-(AM62/2) -> 0
A64: Daily Attendance | F64: =COUNTIF(F13:F62,"P") -> 0 | G64: =COUNTIF(G13:G62,"P") -> 0 | H64: =COUNTIF(H13:H62,"P") -> 0 | I64: =COUNTIF(I13:I62,"P") -> 0 | J64: =COUNTIF(J13:J62,"P") -> 0 | K64: =COUNTIF(K13:K62,"P") -> 0 | L64: =COUNTIF(L13:L62,"P") -> 0 | M64: =COUNTIF(M13:M62,"P") -> 0 | ... AJ64: =COUNTIF(AJ13:AJ62,"P") -> 6

Sheet Feb '25
E1: JAIKALKI TECHNOLOGY PVT. LTD.
E2: Employee Attendance Sheet
B3: =HLOOKUP(B6,$E$3:$O$4,2,0) -> 2 | E3: January | F3: February | G3: March | H3: April | I3: May | J3: June | K3: July | L3: August | M3: September | N3: October | O3: Novemeber | P3: December
E4: 1 | F4: 2 | G4: 3 | H4: 4 | I4: 5 | J4: 6 | K4: 7 | L4: 8 | M4: 9 | N4: 10 | O4: 11 | P4: 12
A5: Year | B5: 2025 | C5: D O B | D5: D O J | E5: Date | F5: 1 | G5: 2 | H5: 3 | I5: 4 | J5: 5 | K5: 6 | L5: 7 | M5: 8 | N5: 9 | O5: 10 | P5: 11 | Q5: 12 | R5: 13 | S5: 14 | T5: 15 | U5: 16 | V5: 17 | W5: 18 | X5: 19 | Y5: 20 | Z5: 21 | AA5: 22 | AB5: 23 | AC5: 24 | AD5: 25 | AE5: 26 | AF5: 27 | AG5: 28 | AH5: 29 | AI5: 30 | AJ5: 31 | AK5: Monthly Attendance Summary
A6: Month | B6: February | E6: Type of Day | F6: =IF(F7="Sun","H","W") -> W | G6: =IF(G7="Sun","H","W") -> H | H6: =IF(H7="Sun","H","W") -> W | I6: =IF(I7="Sun","H","W") -> W | J6: =IF(J7="Sun","H","W") -> W | K6: =IF(K7="Sun","H","W") -> W | L6: =IF(L7="Sun","H","W") -> W | M6: =IF(M7="Sun","H","W") -> W | ... AJ6: =IF(AJ7="Sun","H","W") -> W
A7: Emp. ID | B7: Employee Name | E7: Month | F7: =IFERROR(TEXT(DATE($B$5,$B$3,F$5),"ddd"),"") -> Sat | G7: =IFERROR(TEXT(DATE($B$5,$B$3,G$5),"ddd"),"") -> Sun | H7: =IFERROR(TEXT(DATE($B$5,$B$3,H$5),"ddd"),"") -> Mon | I7: =IFERROR(TEXT(DATE($B$5,$B$3,I$5),"ddd"),"") -> Tue | J7: =IFERROR(TEXT(DATE($B$5,$B$3,J$5),"ddd"),"") -> Wed | K7: =IFERROR(TEXT(DATE($B$5,$B$3,K$5),"ddd"),"") -> Thu | L7: =IFERROR(TEXT(DATE($B$5,$B$3,L$5),"ddd"),"") -> Fri | M7: =IFERROR(TEXT(DATE($B$5,$B$3,M$5),"ddd"),"") -> Sat | ... AJ7: =IFERROR(TEXT(DATE($B$5,$B$3,AJ$5),"ddd"),"") -> Mon | AK7: P | AL7: L | AM7: HD | AN7: NH | AO7: FH | AP7: T | AQ7: ML | AR7: EL | AS7: EL AL | AT7: SL | AU7: SL AL | AV7: CL | AW7: CL AL | AX7: Working Days | AY7: Days Payable
A8: JKT001 | B8: Shyamveer Singh | C8: 11th Sept 1991 | D8: 14th Sept 2024 | E8: =$B$6 -> February | F8: P | G8: P | H8: P | I8: P | J8: P | K8: P | L8: P | M8: P | N8: P | O8: P | P8: P | Q8: P | R8: P | S8: P | T8: P | U8: P | V8: P | W8: P | X8: P | Y8: P | Z8: P | AA8: P | AB8: P | AC8: P | AD8: P | AE8: P | AF8: P | AG8: P | AK8: =COUNTIF(F8:AJ8,"P") -> 28 | AL8: =COUNTIF(F8:AJ8,"L") -> 0 | AM8: =COUNTIF(F8:AJ8,"HD") -> 0 | AN8: =COUNTIF(F8:AJ8,"NH") -> 0 | AO8: =COUNTIF(F8:AJ8,"FH") -> 0 | AP8: =COUNTIF(F8:AJ8,"T") -> 0 | AQ8: =COUNTIF(F8:AJ8,"ML") -> 0 | AR8: =COUNTIF(F8:AJ8,"EL") -> 0 | AS8: 1 | AT8: =COUNTIF(O8:AS8,"SL") -> 0 | AU8: 2 | AV8: =COUNTIF(F8:AJ8,"CL") -> 0 | AW8: 2 | AX8: =AK8+AL8+(AM8+AN8+AO8+AP8+AQ8+AR8+AT8+AV8) -> 28 | AY8: =AX8-AL8-(AM8/2) -> 28
A9: JKT002 | B9: Rohitkumar Kannojiya | C9: 10th May 2001 | D9: 14th Sept 2024 | E9: =$B$6 -> February | F9: P | G9: P | H9: P | I9: P | J9: P | K9: P | L9: P | M9: P | N9: P | O9: P | P9: P | Q9: P | R9: P | S9: P | T9: P | U9: P | V9: P | W9: P | X9: P | Y9: P | Z9: P | AA9: P | AB9: P | AC9: P | AD9: P | AE9: P | AF9: P | AG9: P | AK9: =COUNTIF(F9:AJ9,"P") -> 28 | AL9: =COUNTIF(F9:AJ9,"L") -> 0 | AM9: =COUNTIF(F9:AJ9,"HD") -> 0 | AN9: =COUNTIF(F9:AJ9,"NH") -> 0 | AO9: =COUNTIF(F9:AJ9,"FH") -> 0 | AP9: =COUNTIF(F9:AJ9,"T") -> 0 | AQ9: =COUNTIF(F9:AJ9,"ML") -> 0 | AR9: =COUNTIF(F9:AJ9,"EL") -> 0 | AS9: 1 | AT9: =COUNTIF(O9:AS9,"SL") -> 0 | AU9: 2 | AV9: =COUNTIF(F9:AJ9,"CL") -> 0 | AW9: 2 | AX9: =AK9+AL9+(AM9+AN9+AO9+AP9+AQ9+AR9+AT9+AV9) -> 28 | AY9: =AX9-AL9-(AM9/2) -> 28
A10: JKT003 | B10: Krunal Trivedi | C10: 29th May 1987 | D10: 14th Sept 2024 | E10: =$B$6 -> February | F10: P | G10: P | H10: P | I10: P | J10: P | K10: P | L10: P | M10: P | N10: P | O10: P | P10: P | Q10: P | R10: P | S10: P | T10: P | U10: P | V10: P | W10: P | X10: P | Y10: P | Z10: P | AA10: P | AB10: P | AC10: P | AD10: P | AE10: P | AF10: P | AG10: P | AK10: =COUNTIF(F10:AJ10,"P") -> 28 | AL10: =COUNTIF(F10:AJ10,"L") -> 0 | AM10: =COUNTIF(F10:AJ10,"HD") -> 0 | AN10: =COUNTIF(F10:AJ10,"NH") -> 0 | AO10: =COUNTIF(F10:AJ10,"FH") -> 0 | AP10: =COUNTIF(F10:AJ10,"T") -> 0 | AQ10: =COUNTIF(F10:AJ10,"ML") -> 0 | AR10: =COUNTIF(F10:AJ10,"EL") -> 0 | AS10: 1 | AT10: =COUNTIF(O10:AS10,"SL") -> 0 | AU10: 2 | AV10: =COUNTIF(F10:AJ10,"CL") -> 0 | AW10: 2 | AX10: =AK10+AL10+(AM10+AN10+AO10+AP10+AQ10+AR10+AT10+AV10) -> 28 | AY10: =AX10-AL10-(AM10/2) -> 28
A11: JKT004 | B11: Ranjeetkumar Yadav | C11: 27th Mar 1987 | D11: 14th Sept 2024 | E11: =$B$6 -> February | F11: P | G11: P | H11: P | I11: P | J11: P | K11: P | L11: P | M11: P | N11: P | O11: P | P11: P | Q11: P | R11: P | S11: P | T11: P | U11: P | V11: P | W11: P | X11: P | Y11: P | Z11: P | AA11: P | AB11: P | AC11: P | AD11: P | AE11: P | AF11: P | AG11: P | AK11: =COUNTIF(F11:AJ11,"P") -> 28 | AL11: =COUNTIF(F11:AJ11,"L") -> 0 | AM11: =COUNTIF(F11:AJ11,"HD") -> 0 | AN11: =COUNTIF(F11:AJ11,"NH") -> 0 | AO11: =COUNTIF(F11:AJ11,"FH") -> 0 | AP11: =COUNTIF(F11:AJ11,"T") -> 0 | AQ11: =COUNTIF(F11:AJ11,"ML") -> 0 | AR11: =COUNTIF(F11:AJ11,"EL") -> 0 | AS11: 1 | AT11: =COUNTIF(O11:AS11,"SL") -> 0 | AU11: 2 | AV11: =COUNTIF(F11:AJ11,"CL") -> 0 | AW11: 2 | AX11: =AK11+AL11+(AM11+AN11+AO11+AP11+AQ11+AR11+AT11+AV11) -> 28 | AY11: =AX11-AL11-(AM11/2) -> 28
A12: JKT005 | B12: Santosh Vishwakarma | C12: 4th Jul 1998 | D12: 14th Sept 2024 | E12: =$B$6 -> February | F12: P | G12: P | H12: P | I12: P | J12: P | K12: P | L12: P | M12: P | N12: P | O12: P | P12: P | Q12: P | R12: P | S12: P | T12: P | U12: P | V12: P | W12: P | X12: P | Y12: P | Z12: P | AA12: P | AB12: P | AC12: P | AD12: P | AE12: P | AF12: P | AG12: P | AK12: =COUNTIF(F12:AJ12,"P") -> 28 | AL12: =COUNTIF(F12:AJ12,"L") -> 0 | AM12: =COUNTIF(F12:AJ12,"HD") -> 0 | AN12: =COUNTIF(F12:AJ12,"NH") -> 0 | AO12: =COUNTIF(F12:AJ12,"FH") -> 0 | AP12: =COUNTIF(F12:AJ12,"T") -> 0 | AQ12: =COUNTIF(F12:AJ12,"ML") -> 0 | AR12: =COUNTIF(F12:AJ12,"EL") -> 0 | AS12: 1 | AT12: =COUNTIF(O12:AS12,"SL") -> 0 | AU12: 2 | AV12: =COUNTIF(F12:AJ12,"CL") -> 0 | AW12: 2 | AX12: =AK12+AL12+(AM12+AN12+AO12+AP12+AQ12+AR12+AT12+AV12) -> 28 | AY12: =AX12-AL12-(AM12/2) -> 28
A13: JKT006 | B13: Deepak Borana | C13: 23rd June 2000 | D13: 6th Jan 2025 | E13: =$B$6 -> February | F13: P | G13: P | H13: P | I13: P | J13: P | K13: P | L13: P | M13: P | N13: P | O13: P | P13: P | Q13: P | R13: P | S13: L | T13: P | U13: P | V13: P | W13: P | X13: P | Y13: P | Z13: P | AA13: P | AB13: P | AC13: P | AD13: P | AE13: P | AF13: P | AG13: P | AK13: =COUNTIF(F13:AJ13,"P") -> 27 | AL13: =COUNTIF(F13:AJ13,"L") -> 1 | AM13: =COUNTIF(F13:AJ13,"HD") -> 0 | AN13: =COUNTIF(F13:AJ13,"NH") -> 0 | AO13: =COUNTIF(F13:AJ13,"FH") -> 0 | AP13: =COUNTIF(F13:AJ13,"T") -> 0 | AQ13: =COUNTIF(F13:AJ13,"ML") -> 0 | AR13: =COUNTIF(F13:AJ13,"EL") -> 0 | AS13: 1 | AT13: =COUNTIF(F13:AJ13,"SL") -> 0 | AU13: 2 | AV13: =COUNTIF(F13:AJ13,"CL") -> 0 | AW13: 2 | AX13: =AK13+AL13+(AM13+AN13+AO13+AP13+AQ13+AR13+AT13+AV13) -> 28 | AY13: =AX13-AL13-(AM13/2) -> 27
A14: JKT007 | B14: Jincy Mathew | C14: 19th April 1999 | D14: 13th Jan 2025 | E14: =$B$6 -> February | F14: L | G14: P | H14: P | I14: L | J14: L | K14: L | L14: P | M14: L | N14: P | O14: P | P14: L | Q14: L | R14: P | S14: P | T14: L | U14: P | V14: P | W14: L | X14: L | Y14: P | Z14: P | AA14: L | AB14: P | AC14: P | AD14: P | AE14: L | AF14: P | AG14: P | AK14: =COUNTIF(F14:AJ14,"P") -> 16 | AL14: =COUNTIF(F14:AJ14,"L") -> 12 | AM14: =COUNTIF(F14:AJ14,"HD") -> 0 | AN14: =COUNTIF(F14:AJ14,"NH") -> 0 | AO14: =COUNTIF(F14:AJ14,"FH") -> 0 | AP14: =COUNTIF(F14:AJ14,"T") -> 0 | AQ14: =COUNTIF(F14:AJ14,"ML") -> 0 | AR14: =COUNTIF(F14:AJ14,"EL") -> 0 | AS14: 1 | AT14: =COUNTIF(F14:AJ14,"SL") -> 0 | AU14: 2 | AV14: =COUNTIF(F14:AJ14,"CL") -> 0 | AW14: 2 | AX14: =AK14+AL14+(AM14+AN14+AO14+AP14+AQ14+AR14+AT14+AV14) -> 28 | AY14: =AX14-AL14-(AM14/2) -> 16
A15: JKT008 | B15: Sanjay Jaiswar | C15: 18th Feb 2002 | D15: 16th Jan 2025 | E15: =$B$6 -> February | F15: P | G15: P | H15: P | I15: P | J15: P | K15: P | L15: P | M15: P | N15: P | O15: P | P15: P | Q15: P | R15: P | S15: P | T15: P | U15: P | V15: P | W15: P | X15: P | Y15: P | Z15: P | AA15: P | AB15: P | AC15: P | AD15: P | AE15: P | AF15: P | AG15: P | AK15: =COUNTIF(F15:AJ15,"P") -> 28 | AL15: =COUNTIF(F15:AJ15,"L") -> 0 | AM15: =COUNTIF(F15:AJ15,"HD") -> 0 | AN15: =COUNTIF(F15:AJ15,"NH") -> 0 | AO15: =COUNTIF(F15:AJ15,"FH") -> 0 | AP15: =COUNTIF(F15:AJ15,"T") -> 0 | AQ15: =COUNTIF(F15:AJ15,"ML") -> 0 | AR15: =COUNTIF(F15:AJ15,"EL") -> 0 | AS15: 1 | AT15: =COUNTIF(F15:AJ15,"SL") -> 0 | AU15: 2 | AV15: =COUNTIF(F15:AJ15,"CL") -> 0 | AW15: 2 | AX15: =AK15+AL15+(AM15+AN15+AO15+AP15+AQ15+AR15+AT15+AV15) -> 28 | AY15: =AX15-AL15-(AM15/2) -> 28
A16: JKT009 | B16: Chauhan Badal | C16: 12th Mar 2002 | D16: 30th Jan 2025 | E16: =$B$6 -> February | F16: P | G16: P | H16: P | I16: P | J16: P | K16: P | L16: P | M16: P | N16: P | O16: P | P16: P | Q16: P | R16: P | S16: P | T16: L | U16: P | V16: P | W16: P | X16: P | Y16: P | Z16: P | AA16: P | AB16: P | AC16: P | AD16: L | AE16: P | AF16: P | AG16: P | AK16: =COUNTIF(F16:AJ16,"P") -> 26 | AL16: =COUNTIF(F16:AJ16,"L") -> 2 | AM16: =COUNTIF(F16:AJ16,"HD") -> 0 | AN16: =COUNTIF(F16:AJ16,"NH") -> 0 | AO16: =COUNTIF(F16:AJ16,"FH") -> 0 | AP16: =COUNTIF(F16:AJ16,"T") -> 0 | AQ16: =COUNTIF(F16:AJ16,"ML") -> 0 | AR16: =COUNTIF(F16:AJ16,"EL") -> 0 | AS16: 1 | AT16: =COUNTIF(F16:AJ16,"SL") -> 0 | AU16: 2 | AV16: =COUNTIF(F16:AJ16,"CL") -> 0 | AW16: 2 | AX16: =AK16+AL16+(AM16+AN16+AO16+AP16+AQ16+AR16+AT16+AV16) -> 28 | AY16: =AX16-AL16-(AM16/2) -> 26
A17: JKT010 | B17: Vikas Kotiyan | C17: 18th Sept 1999 | D17: 17th Mar 2025 | E17: =$B$6 -> February | AK17: =COUNTIF(F17:AJ17,"P") -> 0 | AL17: =COUNTIF(F17:AJ17,"L") -> 0 | AM17: =COUNTIF(F17:AJ17,"HD") -> 0 | AN17: =COUNTIF(F17:AJ17,"NH") -> 0 | AO17: =COUNTIF(F17:AJ17,"FH") -> 0 | AP17: =COUNTIF(F17:AJ17,"T") -> 0 | AQ17: =COUNTIF(F17:AJ17,"ML") -> 0 | AR17: =COUNTIF(F17:AJ17,"EL") -> 0 | AS17: 1 | AT17: =COUNTIF(F17:AJ17,"SL") -> 0 | AU17: 2 | AV17: =COUNTIF(F17:AJ17,"CL") -> 0 | AW17: 2 | AX17: =AK17+AL17+(AM17+AN17+AO17+AP17+AQ17+AR17+AT17+AV17) -> 0 | AY17: =AX17-AL17-(AM17/2) -> 0
A18: JKT011 | B18: Pratibha Tiwari | C18: 14th Feb 2004 | D18: 17th Apr 2025 | E18: =$B$6 -> February | AK18: =COUNTIF(F18:AJ18,"P") -> 0 | AL18: =COUNTIF(F18:AJ18,"L") -> 0 | AM18: =COUNTIF(F18:AJ18,"HD") -> 0 | AN18: =COUNTIF(F18:AJ18,"NH") -> 0 | AO18: =COUNTIF(F18:AJ18,"FH") -> 0 | AP18: =COUNTIF(F18:AJ18,"T") -> 0 | AQ18: =COUNTIF(F18:AJ18,"ML") -> 0 | AR18: =COUNTIF(F18:AJ18,"EL") -> 0 | AS18: 1 | AT18: =COUNTIF(F18:AJ18,"SL") -> 0 | AU18: 2 | AV18: =COUNTIF(F18:AJ18,"CL") -> 0 | AW18: 2 | AX18: =AK18+AL18+(AM18+AN18+AO18+AP18+AQ18+AR18+AT18+AV18) -> 0 | AY18: =AX18-AL18-(AM18/2) -> 0
AK19: =COUNTIF(F19:AJ19,"P") -> 0 | AL19: =COUNTIF(F19:AJ19,"L") -> 0 | AM19: =COUNTIF(F19:AJ19,"HD") -> 0 | AN19: =COUNTIF(F19:AJ19,"NH") -> 0 | AO19: =COUNTIF(F19:AJ19,"FH") -> 0 | AP19: =COUNTIF(F19:AJ19,"T") -> 0 | AQ19: =COUNTIF(F19:AJ19,"ML") -> 0 | AR19: =COUNTIF(F19:AJ19,"EL") -> 0 | AS19: 1 | AT19: =COUNTIF(F19:AJ19,"SL") -> 0 | AU19: 2 | AV19: =COUNTIF(F19:AJ19,"CL") -> 0 | AW19: 2 | AX19: =AK19+AL19+(AM19+AN19+AO19+AP19+AQ19+AR19+AT19+AV19) -> 0 | AY19: =AX19-AL19-(AM19/2) -> 0
AK20: =COUNTIF(F20:AJ20,"P") -> 0 | AL20: =COUNTIF(F20:AJ20,"L") -> 0 | AM20: =COUNTIF(F20:AJ20,"HD") -> 0 | AN20: =COUNTIF(F20:AJ20,"NH") -> 0 | AO20: =COUNTIF(F20:AJ20,"FH") -> 0 | AP20: =COUNTIF(F20:AJ20,"T") -> 0 | AQ20: =COUNTIF(F20:AJ20,"ML") -> 0 | AR20: =COUNTIF(F20:AJ20,"EL") -> 0 | AS20: 1 | AT20: =COUNTIF(F20:AJ20,"SL") -> 0 | AU20: 2 | AV20: =COUNTIF(F20:AJ20,"CL") -> 0 | AW20: 2 | AX20: =AK20+AL20+(AM20+AN20+AO20+AP20+AQ20+AR20+AT20+AV20) -> 0 | AY20: =AX20-AL20-(AM20/2) -> 0
AK21: =COUNTIF(F21:AJ21,"P") -> 0 | AL21: =COUNTIF(F21:AJ21,"L") -> 0 | AM21: =COUNTIF(F21:AJ21,"HD") -> 0 | AN21: =COUNTIF(F21:AJ21,"NH") -> 0 | AO21: =COUNTIF(F21:AJ21,"FH") -> 0 | AP21: =COUNTIF(F21:AJ21,"T") -> 0 | AQ21: =COUNTIF(F21:AJ21,"ML") -> 0 | AR21: =COUNTIF(F21:AJ21,"EL") -> 0 | AS21: 1 | AT21: =COUNTIF(F21:AJ21,"SL") -> 0 | AU21: 2 | AV21: =COUNTIF(F21:AJ21,"CL") -> 0 | AW21: 2 | AX21: =AK21+AL21+(AM21+AN21+AO21+AP21+AQ21+AR21+AT21+AV21) -> 0 | AY21: =AX21-AL21-(AM21/2) -> 0
AK22: =COUNTIF(F22:AJ22,"P") -> 0 | AL22: =COUNTIF(F22:AJ22,"L") -> 0 | AM22: =COUNTIF(F22:AJ22,"HD") -> 0 | AN22: =COUNTIF(F22:AJ22,"NH") -> 0 | AO22: =COUNTIF(F22:AJ22,"FH") -> 0 | AP22: =COUNTIF(F22:AJ22,"T") -> 0 | AQ22: =COUNTIF(F22:AJ22,"ML") -> 0 | AR22: =COUNTIF(F22:AJ22,"EL") -> 0 | AS22: 1 | AT22: =COUNTIF(F22:AJ22,"SL") -> 0 | AU22: 2 | AV22: =COUNTIF(F22:AJ22,"CL") -> 0 | AW22: 2 | AX22: =AK22+AL22+(AM22+AN22+AO22+AP22+AQ22+AR22+AT22+AV22) -> 0 | AY22: =AX22-AL22-(AM22/2) -> 0
AK23: =COUNTIF(F23:AJ23,"P") -> 0 | AL23: =COUNTIF(F23:AJ23,"L") -> 0 | AM23: =COUNTIF(F23:AJ23,"HD") -> 0 | AN23: =COUNTIF(F23:AJ23,"NH") -> 0 | AO23: =COUNTIF(F23:AJ23,"FH") -> 0 | AP23: =COUNTIF(F23:AJ23,"T") -> 0 | AQ23: =COUNTIF(F23:AJ23,"ML") -> 0 | AR23: =COUNTIF(F23:AJ23,"EL") -> 0 | AS23: 1 | AT23: =COUNTIF(F23:AJ23,"SL") -> 0 | AU23: 2 | AV23: =COUNTIF(F23:AJ23,"CL") -> 0 | AW23: 2 | AX23: =AK23+AL23+(AM23+AN23+AO23+AP23+AQ23+AR23+AT23+AV23) -> 0 | AY23: =AX23-AL23-(AM23/2) -> 0
AK24: =COUNTIF(F24:AJ24,"P") -> 0 | AL24: =COUNTIF(F24:AJ24,"L") -> 0 | AM24: =COUNTIF(F24:AJ24,"HD") -> 0 | AN24: =COUNTIF(F24:AJ24,"NH") -> 0 | AO24: =COUNTIF(F24:AJ24,"FH") -> 0 | AP24: =COUNTIF(F24:AJ24,"T") -> 0 | AQ24: =COUNTIF(F24:AJ24,"ML") -> 0 | AR24: =COUNTIF(F24:AJ24,"EL") -> 0 | AS24: 1 | AT24: =COUNTIF(F24:AJ24,"SL") -> 0 | AU24: 2 | AV24: =COUNTIF(F24:AJ24,"CL") -> 0 | AW24: 2 | AX24: =AK24+AL24+(AM24+AN24+AO24+AP24+AQ24+AR24+AT24+AV24) -> 0 | AY24: =AX24-AL24-(AM24/2) -> 0
AK25: =COUNTIF(F25:AJ25,"P") -> 0 | AL25: =COUNTIF(F25:AJ25,"L") -> 0 | AM25: =COUNTIF(F25:AJ25,"HD") -> 0 | AN25: =COUNTIF(F25:AJ25,"NH") -> 0 | AO25: =COUNTIF(F25:AJ25,"FH") -> 0 | AP25: =COUNTIF(F25:AJ25,"T") -> 0 | AQ25: =COUNTIF(F25:AJ25,"ML") -> 0 | AR25: =COUNTIF(F25:AJ25,"EL") -> 0 | AS25: 1 | AT25: =COUNTIF(F25:AJ25,"SL") -> 0 | AU25: 2 | AV25: =COUNTIF(F25:AJ25,"CL") -> 0 | AW25: 2 | AX25: =AK25+AL25+(AM25+AN25+AO25+AP25+AQ25+AR25+AT25+AV25) -> 0 | AY25: =AX25-AL25-(AM25/2) -> 0
AK26: =COUNTIF(F26:AJ26,"P") -> 0 | AL26: =COUNTIF(F26:AJ26,"L") -> 0 | AM26: =COUNTIF(F26:AJ26,"HD") -> 0 | AN26: =COUNTIF(F26:AJ26,"NH") -> 0 | AO26: =COUNTIF(F26:AJ26,"FH") -> 0 | AP26: =COUNTIF(F26:AJ26,"T") -> 0 | AQ26: =COUNTIF(F26:AJ26,"ML") -> 0 | AR26: =COUNTIF(F26:AJ26,"EL") -> 0 | AS26: 1 | AT26: =COUNTIF(F26:AJ26,"SL") -> 0 | AU26: 2 | AV26: =COUNTIF(F26:AJ26,"CL") -> 0 | AW26: 2 | AX26: =AK26+AL26+(AM26+AN26+AO26+AP26+AQ26+AR26+AT26+AV26) -> 0 | AY26: =AX26-AL26-(AM26/2) -> 0
AK27: =COUNTIF(F27:AJ27,"P") -> 0 | AL27: =COUNTIF(F27:AJ27,"L") -> 0 | AM27: =COUNTIF(F27:AJ27,"HD") -> 0 | AN27: =COUNTIF(F27:AJ27,"NH") -> 0 | AO27: =COUNTIF(F27:AJ27,"FH") -> 0 | AP27: =COUNTIF(F27:AJ27,"T") -> 0 | AQ27: =COUNTIF(F27:AJ27,"ML") -> 0 | AR27: =COUNTIF(F27:AJ27,"EL") -> 0 | AS27: 1 | AT27: =COUNTIF(F27:AJ27,"SL") -> 0 | AU27: 2 | AV27: =COUNTIF(F27:AJ27,"CL") -> 0 | AW27: 2 | AX27: =AK27+AL27+(AM27+AN27+AO27+AP27+AQ27+AR27+AT27+AV27) -> 0 | AY27: =AX27-AL27-(AM27/2) -> 0
AK28: =COUNTIF(F28:AJ28,"P") -> 0 | AL28: =COUNTIF(F28:AJ28,"L") -> 0 | AM28: =COUNTIF(F28:AJ28,"HD") -> 0 | AN28: =COUNTIF(F28:AJ28,"NH") -> 0 | AO28: =COUNTIF(F28:AJ28,"FH") -> 0 | AP28: =COUNTIF(F28:AJ28,"T") -> 0 | AQ28: =COUNTIF(F28:AJ28,"ML") -> 0 | AR28: =COUNTIF(F28:AJ28,"EL") -> 0 | AS28: 1 | AT28: =COUNTIF(F28:AJ28,"SL") -> 0 | AU28: 2 | AV28: =COUNTIF(F28:AJ28,"CL") -> 0 | AW28: 2 | AX28: =AK28+AL28+(AM28+AN28+AO28+AP28+AQ28+AR28+AT28+AV28) -> 0 | AY28: =AX28-AL28-(AM28/2) -> 0
AK29: =COUNTIF(F29:AJ29,"P") -> 0 | AL29: =COUNTIF(F29:AJ29,"L") -> 0 | AM29: =COUNTIF(F29:AJ29,"HD") -> 0 | AN29: =COUNTIF(F29:AJ29,"NH") -> 0 | AO29: =COUNTIF(F29:AJ29,"FH") -> 0 | AP29: =COUNTIF(F29:AJ29,"T") -> 0 | AQ29: =COUNTIF(F29:AJ29,"ML") -> 0 | AR29: =COUNTIF(F29:AJ29,"EL") -> 0 | AS29: 1 | AT29: =COUNTIF(F29:AJ29,"SL") -> 0 | AU29: 2 | AV29: =COUNTIF(F29:AJ29,"CL") -> 0 | AW29: 2 | AX29: =AK29+AL29+(AM29+AN29+AO29+AP29+AQ29+AR29+AT29+AV29) -> 0 | AY29: =AX29-AL29-(AM29/2) -> 0
AK30: =COUNTIF(F30:AJ30,"P") -> 0 | AL30: =COUNTIF(F30:AJ30,"L") -> 0 | AM30: =COUNTIF(F30:AJ30,"HD") -> 0 | AN30: =COUNTIF(F30:AJ30,"NH") -> 0 | AO30: =COUNTIF(F30:AJ30,"FH") -> 0 | AP30: =COUNTIF(F30:AJ30,"T") -> 0 | AQ30: =COUNTIF(F30:AJ30,"ML") -> 0 | AR30: =COUNTIF(F30:AJ30,"EL") -> 0 | AS30: 1 | AT30: =COUNTIF(F30:AJ30,"SL") -> 0 | AU30: 2 | AV30: =COUNTIF(F30:AJ30,"CL") -> 0 | AW30: 2 | AX30: =AK30+AL30+(AM30+AN30+AO30+AP30+AQ30+AR30+AT30+AV30) -> 0 | AY30: =AX30-AL30-(AM30/2) -> 0
... AK62: =COUNTIF(F62:AJ62,"P") -> 0 | AL62: =COUNTIF(F62:AJ62,"L") -> 0 | AM62: =COUNTIF(F62:AJ62,"HD") -> 0 | AN62: =COUNTIF(F62:AJ62,"NH") -> 0 | AO62: =COUNTIF(F62:AJ62,"FH") -> 0 | AP62: =COUNTIF(F62:AJ62,"T") -> 0 | AQ62: =COUNTIF(F62:AJ62,"ML") -> 0 | AR62: =COUNTIF(F62:AJ62,"EL") -> 0 | AS62: 1 | AT62: =COUNTIF(F62:AJ62,"SL") -> 0 | AU62: 2 | AV62: =COUNTIF(F62:AJ62,"CL") -> 0 | AW62: 2 | AX62: =AK62+AL62+(AM62+AN62+AO62+AP62+AQ62+AR62+AT62+AV62) -> 0 | AY62: =AX62-AL62-(AM62/2) -> 0
A64: Daily Attendance | F64: =COUNTIF(F13:F62,"P") -> 3 | G64: =COUNTIF(G13:G62,"P") -> 4 | H64: =COUNTIF(H13:H62,"P") -> 4 | I64: =COUNTIF(I13:I62,"P") -> 3 | J64: =COUNTIF(J13:J62,"P") -> 3 | K64: =COUNTIF(K13:K62,"P") -> 3 | L64: =COUNTIF(L13:L62,"P") -> 4 | M64: =COUNTIF(M13:M62,"P") -> 3 | ... AJ64: =COUNTIF(AJ13:AJ62,"P") -> 0

Sheet Mar '25
E1: JAIKALKI TECHNOLOGY PVT. LTD.
E2: Employee Attendance Sheet
B3: =HLOOKUP(B6,$E$3:$O$4,2,0) -> 3 | E3: January | F3: February | G3: March | H3: April | I3: May | J3: June | K3: July | L3: August | M3: September | N3: October | O3: Novemeber | P3: December
E4: 1 | F4: 2 | G4: 3 | H4: 4 | I4: 5 | J4: 6 | K4: 7 | L4: 8 | M4: 9 | N4: 10 | O4: 11 | P4: 12
A5: Year | B5: 2025 | C5: D O B | D5: D O J | E5: Date | F5: 1 | G5: 2 | H5: 3 | I5: 4 | J5: 5 | K5: 6 | L5: 7 | M5: 8 | N5: 9 | O5: 10 | P5: 11 | Q5: 12 | R5: 13 | S5: 14 | T5: 15 | U5: 16 | V5: 17 | W5: 18 | X5: 19 | Y5: 20 | Z5: 21 | AA5: 22 | AB5: 23 | AC5: 24 | AD5: 25 | AE5: 26 | AF5: 27 | AG5: 28 | AH5: 29 | AI5: 30 | AJ5: 31 | AK5: Monthly Attendance Summary
A6: Month | B6: March | E6: Type of Day | F6: =IF(F7="Sun","H","W") -> W | G6: =IF(G7="Sun","H","W") -> H | H6: =IF(H7="Sun","H","W") -> W | I6: =IF(I7="Sun","H","W") -> W | J6: =IF(J7="Sun","H","W") -> W | K6: =IF(K7="Sun","H","W") -> W | L6: =IF(L7="Sun","H","W") -> W | M6: =IF(M7="Sun","H","W") -> W | ... AJ6: =IF(AJ7="Sun","H","W") -> W
A7: Emp. ID | B7: Employee Name | E7: Month | F7: =IFERROR(TEXT(DATE($B$5,$B$3,F$5),"ddd"),"") -> Sat | G7: =IFERROR(TEXT(DATE($B$5,$B$3,G$5),"ddd"),"") -> Sun | H7: =IFERROR(TEXT(DATE($B$5,$B$3,H$5),"ddd"),"") -> Mon | I7: =IFERROR(TEXT(DATE($B$5,$B$3,I$5),"ddd"),"") -> Tue | J7: =IFERROR(TEXT(DATE($B$5,$B$3,J$5),"ddd"),"") -> Wed | K7: =IFERROR(TEXT(DATE($B$5,$B$3,K$5),"ddd"),"") -> Thu | L7: =IFERROR(TEXT(DATE($B$5,$B$3,L$5),"ddd"),"") -> Fri | M7: =IFERROR(TEXT(DATE($B$5,$B$3,M$5),"ddd"),"") -> Sat | ... AJ7: =IFERROR(TEXT(DATE($B$5,$B$3,AJ$5),"ddd"),"") -> Mon | AK7: P | AL7: L | AM7: HD | AN7: NH | AO7: FH | AP7: T | AQ7: ML | AR7: EL | AS7: EL AL | AT7: SL | AU7: SL AL | AV7: CL | AW7: CL AL | AX7: Working Days | AY7: Days Payable
A8: JKT001 | B8: Shyamveer Singh | C8: 11th Sept 1991 | D8: 14th Sept 2024 | E8: =$B$6 -> March | F8: P | G8: P | H8: P | I8: P | J8: P | K8: P | L8: P | M8: P | N8: P | O8: P | P8: P | Q8: P | R8: P | S8: P | T8: P | U8: P | V8: P | W8: P | X8: P | Y8: P | Z8: P | AA8: P | AB8: P | AC8: P | AD8: P | AE8: P | AF8: P | AG8: P | AH8: P | AI8: P | AJ8: P | AK8: =COUNTIF(F8:AJ8,"P") -> 31 | AL8: =COUNTIF(F8:AJ8,"L") -> 0 | AM8: =COUNTIF(F8:AJ8,"HD") -> 0 | AN8: =COUNTIF(F8:AJ8,"NH") -> 0 | AO8: =COUNTIF(F8:AJ8,"FH") -> 0 | AP8: =COUNTIF(F8:AJ8,"T") -> 0 | AQ8: =COUNTIF(F8:AJ8,"ML") -> 0 | AR8: =COUNTIF(F8:AJ8,"EL") -> 0 | AS8: 1 | AT8: =COUNTIF(O8:AS8,"SL") -> 0 | AU8: 2 | AV8: =COUNTIF(F8:AJ8,"CL") -> 0 | AW8: 2 | AX8: =AK8+AL8+(AM8+AN8+AO8+AP8+AQ8+AR8+AT8+AV8) -> 31 | AY8: =AX8-AL8-(AM8/2) -> 31
A9: JKT002 | B9: Rohitkumar Kannojiya | C9: 10th May 2001 | D9: 14th Sept 2024 | E9: =$B$6 -> March | F9: P | G9: P | H9: P | I9: P | J9: P | K9: P | L9: P | M9: P | N9: P | O9: P | P9: P | Q9: P | R9: P | S9: P | T9: P | U9: P | V9: P | W9: P | X9: P | Y9: P | Z9: P | AA9: P | AB9: P | AC9: P | AD9: P | AE9: P | AF9: P | AG9: P | AH9: P | AI9: P | AJ9: P | AK9: =COUNTIF(F9:AJ9,"P") -> 31 | AL9: =COUNTIF(F9:AJ9,"L") -> 0 | AM9: =COUNTIF(F9:AJ9,"HD") -> 0 | AN9: =COUNTIF(F9:AJ9,"NH") -> 0 | AO9: =COUNTIF(F9:AJ9,"FH") -> 0 | AP9: =COUNTIF(F9:AJ9,"T") -> 0 | AQ9: =COUNTIF(F9:AJ9,"ML") -> 0 | AR9: =COUNTIF(F9:AJ9,"EL") -> 0 | AS9: 1 | AT9: =COUNTIF(O9:AS9,"SL") -> 0 | AU9: 2 | AV9: =COUNTIF(F9:AJ9,"CL") -> 0 | AW9: 2 | AX9: =AK9+AL9+(AM9+AN9+AO9+AP9+AQ9+AR9+AT9+AV9) -> 31 | AY9: =AX9-AL9-(AM9/2) -> 31
A10: JKT003 | B10: Krunal Trivedi | C10: 29th May 1987 | D10: 14th Sept 2024 | E10: =$B$6 -> March | F10: P | G10: P | H10: P | I10: P | J10: P | K10: P | L10: P | M10: P | N10: P | O10: P | P10: P | Q10: P | R10: P | S10: P | T10: P | U10: P | V10: P | W10: P | X10: P | Y10: P | Z10: P | AA10: P | AB10: P | AC10: P | AD10: P | AE10: P | AF10: P | AG10: P | AH10: P | AI10: P | AJ10: P | AK10: =COUNTIF(F10:AJ10,"P") -> 31 | AL10: =COUNTIF(F10:AJ10,"L") -> 0 | AM10: =COUNTIF(F10:AJ10,"HD") -> 0 | AN10: =COUNTIF(F10:AJ10,"NH") -> 0 | AO10: =COUNTIF(F10:AJ10,"FH") -> 0 | AP10: =COUNTIF(F10:AJ10,"T") -> 0 | AQ10: =COUNTIF(F10:AJ10,"ML") -> 0 | AR10: =COUNTIF(F10:AJ10,"EL") -> 0 | AS10: 1 | AT10: =COUNTIF(O10:AS10,"SL") -> 0 | AU10: 2 | AV10: =COUNTIF(F10:AJ10,"CL") -> 0 | AW10: 2 | AX10: =AK10+AL10+(AM10+AN10+AO10+AP10+AQ10+AR10+AT10+AV10) -> 31 | AY10: =AX10-AL10-(AM10/2) -> 31
A11: JKT004 | B11: Ranjeetkumar Yadav | C11: 27th Mar 1987 | D11: 14th Sept 2024 | E11: =$B$6 -> March | F11: P | G11: P | H11: P | I11: P | J11: P | K11: P | L11: P | M11: P | N11: P | O11: P | P11: P | Q11: P | R11: P | S11: P | T11: P | U11: P | V11: P | W11: P | X11: P | Y11: P | Z11: P | AA11: P | AB11: P | AC11: P | AD11: P | AE11: P | AF11: P | AG11: P | AH11: P | AI11: P | AJ11: P | AK11: =COUNTIF(F11:AJ11,"P") -> 31 | AL11: =COUNTIF(F11:AJ11,"L") -> 0 | AM11: =COUNTIF(F11:AJ11,"HD") -> 0 | AN11: =COUNTIF(F11:AJ11,"NH") -> 0 | AO11: =COUNTIF(F11:AJ11,"FH") -> 0 | AP11: =COUNTIF(F11:AJ11,"T") -> 0 | AQ11: =COUNTIF(F11:AJ11,"ML") -> 0 | AR11: =COUNTIF(F11:AJ11,"EL") -> 0 | AS11: 1 | AT11: =COUNTIF(O11:AS11,"SL") -> 0 | AU11: 2 | AV11: =COUNTIF(F11:AJ11,"CL") -> 0 | AW11: 2 | AX11: =AK11+AL11+(AM11+AN11+AO11+AP11+AQ11+AR11+AT11+AV11) -> 31 | AY11: =AX11-AL11-(AM11/2) -> 31
A12: JKT005 | B12: Santosh Vishwakarma | C12: 4th Jul 1998 | D12: 14th Sept 2024 | E12: =$B$6 -> March | F12: P | G12: P | H12: P | I12: P | J12: P | K12: P | L12: P | M12: P | N12: P | O12: P | P12: P | Q12: P | R12: P | S12: P | T12: P | U12: P | V12: P | W12: P | X12: P | Y12: P | Z12: P | AA12: P | AB12: P | AC12: P | AD12: P | AE12: P | AF12: P | AG12: P | AH12: P | AI12: P | AJ12: P | AK12: =COUNTIF(F12:AJ12,"P") -> 31 | AL12: =COUNTIF(F12:AJ12,"L") -> 0 | AM12: =COUNTIF(F12:AJ12,"HD") -> 0 | AN12: =COUNTIF(F12:AJ12,"NH") -> 0 | AO12: =COUNTIF(F12:AJ12,"FH") -> 0 | AP12: =COUNTIF(F12:AJ12,"T") -> 0 | AQ12: =COUNTIF(F12:AJ12,"ML") -> 0 | AR12: =COUNTIF(F12:AJ12,"EL") -> 0 | AS12: 1 | AT12: =COUNTIF(O12:AS12,"SL") -> 0 | AU12: 2 | AV12: =COUNTIF(F12:AJ12,"CL") -> 0 | AW12: 2 | AX12: =AK12+AL12+(AM12+AN12+AO12+AP12+AQ12+AR12+AT12+AV12) -> 31 | AY12: =AX12-AL12-(AM12/2) -> 31
A13: JKT006 | B13: Deepak Borana | C13: 23rd June 2000 | D13: 6th Jan 2025 | E13: =$B$6 -> March | F13: P | G13: P | H13: P | I13: P | J13: P | K13: P | L13: P | M13: P | N13: P | O13: P | P13: P | Q13: P | R13: P | S13: L | T13: P | U13: P | V13: P | W13: P | X13: P | Y13: P | Z13: P | AA13: P | AB13: P | AC13: P | AD13: P | AE13: P | AF13: P | AG13: P | AH13: P | AI13: P | AJ13: P | AK13: =COUNTIF(F13:AJ13,"P") -> 30 | AL13: =COUNTIF(F13:AJ13,"L") -> 1 | AM13: =COUNTIF(F13:AJ13,"HD") -> 0 | AN13: =COUNTIF(F13:AJ13,"NH") -> 0 | AO13: =COUNTIF(F13:AJ13,"FH") -> 0 | AP13: =COUNTIF(F13:AJ13,"T") -> 0 | AQ13: =COUNTIF(F13:AJ13,"ML") -> 0 | AR13: =COUNTIF(F13:AJ13,"EL") -> 0 | AS13: 1 | AT13: =COUNTIF(F13:AJ13,"SL") -> 0 | AU13: 2 | AV13: =COUNTIF(F13:AJ13,"CL") -> 0 | AW13: 2 | AX13: =AK13+AL13+(AM13+AN13+AO13+AP13+AQ13+AR13+AT13+AV13) -> 31 | AY13: =AX13-AL13-(AM13/2) -> 30
A14: JKT007 | B14: Jincy Mathew | C14: 19th April 1999 | D14: 13th Jan 2025 | E14: =$B$6 -> March | F14: L | G14: P | H14: P | I14: P | J14: P | K14: P | L14: P | M14: L | N14: P | O14: P | P14: P | Q14: P | R14: P | S14: P | T14: L | U14: P | V14: P | W14: P | X14: P | Y14: P | Z14: P | AA14: L | AB14: P | AC14: L | AD14: P | AE14: P | AF14: P | AG14: P | AH14: L | AI14: P | AJ14: P | AK14: =COUNTIF(F14:AJ14,"P") -> 25 | AL14: =COUNTIF(F14:AJ14,"L") -> 6 | AM14: =COUNTIF(F14:AJ14,"HD") -> 0 | AN14: =COUNTIF(F14:AJ14,"NH") -> 0 | AO14: =COUNTIF(F14:AJ14,"FH") -> 0 | AP14: =COUNTIF(F14:AJ14,"T") -> 0 | AQ14: =COUNTIF(F14:AJ14,"ML") -> 0 | AR14: =COUNTIF(F14:AJ14,"EL") -> 0 | AS14: 1 | AT14: =COUNTIF(F14:AJ14,"SL") -> 0 | AU14: 2 | AV14: =COUNTIF(F14:AJ14,"CL") -> 0 | AW14: 2 | AX14: =AK14+AL14+(AM14+AN14+AO14+AP14+AQ14+AR14+AT14+AV14) -> 31 | AY14: =AX14-AL14-(AM14/2) -> 25
A15: JKT008 | B15: Sanjay Jaiswar | C15: 18th Feb 2002 | D15: 16th Jan 2025 | E15: =$B$6 -> March | F15: P | G15: P | H15: P | I15: P | J15: P | K15: P | L15: P | M15: P | N15: P | O15: P | P15: P | Q15: P | R15: P | S15: P | T15: P | U15: P | V15: P | W15: P | X15: P | Y15: P | Z15: P | AA15: P | AB15: P | AC15: P | AD15: P | AE15: P | AF15: P | AG15: P | AH15: P | AI15: P | AJ15: P | AK15: =COUNTIF(F15:AJ15,"P") -> 31 | AL15: =COUNTIF(F15:AJ15,"L") -> 0 | AM15: =COUNTIF(F15:AJ15,"HD") -> 0 | AN15: =COUNTIF(F15:AJ15,"NH") -> 0 | AO15: =COUNTIF(F15:AJ15,"FH") -> 0 | AP15: =COUNTIF(F15:AJ15,"T") -> 0 | AQ15: =COUNTIF(F15:AJ15,"ML") -> 0 | AR15: =COUNTIF(F15:AJ15,"EL") -> 0 | AS15: 1 | AT15: =COUNTIF(F15:AJ15,"SL") -> 0 | AU15: 2 | AV15: =COUNTIF(F15:AJ15,"CL") -> 0 | AW15: 2 | AX15: =AK15+AL15+(AM15+AN15+AO15+AP15+AQ15+AR15+AT15+AV15) -> 31 | AY15: =AX15-AL15-(AM15/2) -> 31
A16: JKT009 | B16: Chauhan Badal | C16: 12th Mar 2002 | D16: 30th Jan 2025 | E16: =$B$6 -> March | F16: P | G16: P | H16: P | I16: P | J16: P | K16: P | L16: P | M16: P | N16: P | O16: P | P16: P | Q16: P | R16: P | S16: L | T16: P | U16: P | V16: P | W16: P | X16: P | Y16: P | Z16: P | AA16: L | AB16: P | AC16: P | AD16: L | AE16: P | AF16: P | AG16: P | AH16: L | AI16: P | AJ16: P | AK16: =COUNTIF(F16:AJ16,"P") -> 27 | AL16: =COUNTIF(F16:AJ16,"L") -> 4 | AM16: =COUNTIF(F16:AJ16,"HD") -> 0 | AN16: =COUNTIF(F16:AJ16,"NH") -> 0 | AO16: =COUNTIF(F16:AJ16,"FH") -> 0 | AP16: =COUNTIF(F16:AJ16,"T") -> 0 | AQ16: =COUNTIF(F16:AJ16,"ML") -> 0 | AR16: =COUNTIF(F16:AJ16,"EL") -> 0 | AS16: 1 | AT16: =COUNTIF(F16:AJ16,"SL") -> 0 | AU16: 2 | AV16: =COUNTIF(F16:AJ16,"CL") -> 0 | AW16: 2 | AX16: =AK16+AL16+(AM16+AN16+AO16+AP16+AQ16+AR16+AT16+AV16) -> 31 | AY16: =AX16-AL16-(AM16/2) -> 27
A17: JKT010 | B17: Vikas Kotiyan | C17: 18th Sept 1999 | D17: 17th Mar 2025 | E17: =$B$6 -> March | V17: P | W17: P | X17: P | Y17: P | Z17: P | AA17: P | AB17: P | AC17: P | AD17: P | AE17: P | AF17: P | AG17: P | AH17: P | AI17: P | AJ17: P | AK17: =COUNTIF(F17:AJ17,"P") -> 15 | AL17: =COUNTIF(F17:AJ17,"L") -> 0 | AM17: =COUNTIF(F17:AJ17,"HD") -> 0 | AN17: =COUNTIF(F17:AJ17,"NH") -> 0 | AO17: =COUNTIF(F17:AJ17,"FH") -> 0 | AP17: =COUNTIF(F17:AJ17,"T") -> 0 | AQ17: =COUNTIF(F17:AJ17,"ML") -> 0 | AR17: =COUNTIF(F17:AJ17,"EL") -> 0 | AS17: 1 | AT17: =COUNTIF(F17:AJ17,"SL") -> 0 | AU17: 2 | AV17: =COUNTIF(F17:AJ17,"CL") -> 0 | AW17: 2 | AX17: =AK17+AL17+(AM17+AN17+AO17+AP17+AQ17+AR17+AT17+AV17) -> 15 | AY17: =AX17-AL17-(AM17/2) -> 15
A18: JKT011 | B18: Pratibha Tiwari | C18: 14th Feb 2004 | D18: 17th Apr 2025 | E18: =$B$6 -> March | AK18: =COUNTIF(F18:AJ18,"P") -> 0 | AL18: =COUNTIF(F18:AJ18,"L") -> 0 | AM18: =COUNTIF(F18:AJ18,"HD") -> 0 | AN18: =COUNTIF(F18:AJ18,"NH") -> 0 | AO18: =COUNTIF(F18:AJ18,"FH") -> 0 | AP18: =COUNTIF(F18:AJ18,"T") -> 0 | AQ18: =COUNTIF(F18:AJ18,"ML") -> 0 | AR18: =COUNTIF(F18:AJ18,"EL") -> 0 | AS18: 1 | AT18: =COUNTIF(F18:AJ18,"SL") -> 0 | AU18: 2 | AV18: =COUNTIF(F18:AJ18,"CL") -> 0 | AW18: 2 | AX18: =AK18+AL18+(AM18+AN18+AO18+AP18+AQ18+AR18+AT18+AV18) -> 0 | AY18: =AX18-AL18-(AM18/2) -> 0
AK19: =COUNTIF(F19:AJ19,"P") -> 0 | AL19: =COUNTIF(F19:AJ19,"L") -> 0 | AM19: =COUNTIF(F19:AJ19,"HD") -> 0 | AN19: =COUNTIF(F19:AJ19,"NH") -> 0 | AO19: =COUNTIF(F19:AJ19,"FH") -> 0 | AP19: =COUNTIF(F19:AJ19,"T") -> 0 | AQ19: =COUNTIF(F19:AJ19,"ML") -> 0 | AR19: =COUNTIF(F19:AJ19,"EL") -> 0 | AS19: 1 | AT19: =COUNTIF(F19:AJ19,"SL") -> 0 | AU19: 2 | AV19: =COUNTIF(F19:AJ19,"CL") -> 0 | AW19: 2 | AX19: =AK19+AL19+(AM19+AN19+AO19+AP19+AQ19+AR19+AT19+AV19) -> 0 | AY19: =AX19-AL19-(AM19/2) -> 0
AK20: =COUNTIF(F20:AJ20,"P") -> 0 | AL20: =COUNTIF(F20:AJ20,"L") -> 0 | AM20: =COUNTIF(F20:AJ20,"HD") -> 0 | AN20: =COUNTIF(F20:AJ20,"NH") -> 0 | AO20: =COUNTIF(F20:AJ20,"FH") -> 0 | AP20: =COUNTIF(F20:AJ20,"T") -> 0 | AQ20: =COUNTIF(F20:AJ20,"ML") -> 0 | AR20: =COUNTIF(F20:AJ20,"EL") -> 0 | AS20: 1 | AT20: =COUNTIF(F20:AJ20,"SL") -> 0 | AU20: 2 | AV20: =COUNTIF(F20:AJ20,"CL") -> 0 | AW20: 2 | AX20: =AK20+AL20+(AM20+AN20+AO20+AP20+AQ20+AR20+AT20+AV20) -> 0 | AY20: =AX20-AL20-(AM20/2) -> 0
AK21: =COUNTIF(F21:AJ21,"P") -> 0 | AL21: =COUNTIF(F21:AJ21,"L") -> 0 | AM21: =COUNTIF(F21:AJ21,"HD") -> 0 | AN21: =COUNTIF(F21:AJ21,"NH") -> 0 | AO21: =COUNTIF(F21:AJ21,"FH") -> 0 | AP21: =COUNTIF(F21:AJ21,"T") -> 0 | AQ21: =COUNTIF(F21:AJ21,"ML") -> 0 | AR21: =COUNTIF(F21:AJ21,"EL") -> 0 | AS21: 1 | AT21: =COUNTIF(F21:AJ21,"SL") -> 0 | AU21: 2 | AV21: =COUNTIF(F21:AJ21,"CL") -> 0 | AW21: 2 | AX21: =AK21+AL21+(AM21+AN21+AO21+AP21+AQ21+AR21+AT21+AV21) -> 0 | AY21: =AX21-AL21-(AM21/2) -> 0
AK22: =COUNTIF(F22:AJ22,"P") -> 0 | AL22: =COUNTIF(F22:AJ22,"L") -> 0 | AM22: =COUNTIF(F22:AJ22,"HD") -> 0 | AN22: =COUNTIF(F22:AJ22,"NH") -> 0 | AO22: =COUNTIF(F22:AJ22,"FH") -> 0 | AP22: =COUNTIF(F22:AJ22,"T") -> 0 | AQ22: =COUNTIF(F22:AJ22,"ML") -> 0 | AR22: =COUNTIF(F22:AJ22,"EL") -> 0 | AS22: 1 | AT22: =COUNTIF(F22:AJ22,"SL") -> 0 | AU22: 2 | AV22: =COUNTIF(F22:AJ22,"CL") -> 0 | AW22: 2 | AX22: =AK22+AL22+(AM22+AN22+AO22+AP22+AQ22+AR22+AT22+AV22) -> 0 | AY22: =AX22-AL22-(AM22/2) -> 0
AK23: =COUNTIF(F23:AJ23,"P") -> 0 | AL23: =COUNTIF(F23:AJ23,"L") -> 0 | AM23: =COUNTIF(F23:AJ23,"HD") -> 0 | AN23: =COUNTIF(F23:AJ23,"NH") -> 0 | AO23: =COUNTIF(F23:AJ23,"FH") -> 0 | AP23: =COUNTIF(F23:AJ23,"T") -> 0 | AQ23: =COUNTIF(F23:AJ23,"ML") -> 0 | AR23: =COUNTIF(F23:AJ23,"EL") -> 0 | AS23: 1 | AT23: =COUNTIF(F23:AJ23,"SL") -> 0 | AU23: 2 | AV23: =COUNTIF(F23:AJ23,"CL") -> 0 | AW23: 2 | AX23: =AK23+AL23+(AM23+AN23+AO23+AP23+AQ23+AR23+AT23+AV23) -> 0 | AY23: =AX23-AL23-(AM23/2) -> 0
AK24: =COUNTIF(F24:AJ24,"P") -> 0 | AL24: =COUNTIF(F24:AJ24,"L") -> 0 | AM24: =COUNTIF(F24:AJ24,"HD") -> 0 | AN24: =COUNTIF(F24:AJ24,"NH") -> 0 | AO24: =COUNTIF(F24:AJ24,"FH") -> 0 | AP24: =COUNTIF(F24:AJ24,"T") -> 0 | AQ24: =COUNTIF(F24:AJ24,"ML") -> 0 | AR24: =COUNTIF(F24:AJ24,"EL") -> 0 | AS24: 1 | AT24: =COUNTIF(F24:AJ24,"SL") -> 0 | AU24: 2 | AV24: =COUNTIF(F24:AJ24,"CL") -> 0 | AW24: 2 | AX24: =AK24+AL24+(AM24+AN24+AO24+AP24+AQ24+AR24+AT24+AV24) -> 0 | AY24: =AX24-AL24-(AM24/2) -> 0
AK25: =COUNTIF(F25:AJ25,"P") -> 0 | AL25: =COUNTIF(F25:AJ25,"L") -> 0 | AM25: =COUNTIF(F25:AJ25,"HD") -> 0 | AN25: =COUNTIF(F25:AJ25,"NH") -> 0 | AO25: =COUNTIF(F25:AJ25,"FH") -> 0 | AP25: =COUNTIF(F25:AJ25,"T") -> 0 | AQ25: =COUNTIF(F25:AJ25,"ML") -> 0 | AR25: =COUNTIF(F25:AJ25,"EL") -> 0 | AS25: 1 | AT25: =COUNTIF(F25:AJ25,"SL") -> 0 | AU25: 2 | AV25: =COUNTIF(F25:AJ25,"CL") -> 0 | AW25: 2 | AX25: =AK25+AL25+(AM25+AN25+AO25+AP25+AQ25+AR25+AT25+AV25) -> 0 | AY25: =AX25-AL25-(AM25/2) -> 0
AK26: =COUNTIF(F26:AJ26,"P") -> 0 | AL26: =COUNTIF(F26:AJ26,"L") -> 0 | AM26: =COUNTIF(F26:AJ26,"HD") -> 0 | AN26: =COUNTIF(F26:AJ26,"NH") -> 0 | AO26: =COUNTIF(F26:AJ26,"FH") -> 0 | AP26: =COUNTIF(F26:AJ26,"T") -> 0 | AQ26: =COUNTIF(F26:AJ26,"ML") -> 0 | AR26: =COUNTIF(F26:AJ26,"EL") -> 0 | AS26: 1 | AT26: =COUNTIF(F26:AJ26,"SL") -> 0 | AU26: 2 | AV26: =COUNTIF(F26:AJ26,"CL") -> 0 | AW26: 2 | AX26: =AK26+AL26+(AM26+AN26+AO26+AP26+AQ26+AR26+AT26+AV26) -> 0 | AY26: =AX26-AL26-(AM26/2) -> 0
AK27: =COUNTIF(F27:AJ27,"P") -> 0 | AL27: =COUNTIF(F27:AJ27,"L") -> 0 | AM27: =COUNTIF(F27:AJ27,"HD") -> 0 | AN27: =COUNTIF(F27:AJ27,"NH") -> 0 | AO27: =COUNTIF(F27:AJ27,"FH") -> 0 | AP27: =COUNTIF(F27:AJ27,"T") -> 0 | AQ27: =COUNTIF(F27:AJ27,"ML") -> 0 | AR27: =COUNTIF(F27:AJ27,"EL") -> 0 | AS27: 1 | AT27: =COUNTIF(F27:AJ27,"SL") -> 0 | AU27: 2 | AV27: =COUNTIF(F27:AJ27,"CL") -> 0 | AW27: 2 | AX27: =AK27+AL27+(AM27+AN27+AO27+AP27+AQ27+AR27+AT27+AV27) -> 0 | AY27: =AX27-AL27-(AM27/2) -> 0
AK28: =COUNTIF(F28:AJ28,"P") -> 0 | AL28: =COUNTIF(F28:AJ28,"L") -> 0 | AM28: =COUNTIF(F28:AJ28,"HD") -> 0 | AN28: =COUNTIF(F28:AJ28,"NH") -> 0 | AO28: =COUNTIF(F28:AJ28,"FH") -> 0 | AP28: =COUNTIF(F28:AJ28,"T") -> 0 | AQ28: =COUNTIF(F28:AJ28,"ML") -> 0 | AR28: =COUNTIF(F28:AJ28,"EL") -> 0 | AS28: 1 | AT28: =COUNTIF(F28:AJ28,"SL") -> 0 | AU28: 2 | AV28: =COUNTIF(F28:AJ28,"CL") -> 0 | AW28: 2 | AX28: =AK28+AL28+(AM28+AN28+AO28+AP28+AQ28+AR28+AT28+AV28) -> 0 | AY28: =AX28-AL28-(AM28/2) -> 0
AK29: =COUNTIF(F29:AJ29,"P") -> 0 | AL29: =COUNTIF(F29:AJ29,"L") -> 0 | AM29: =COUNTIF(F29:AJ29,"HD") -> 0 | AN29: =COUNTIF(F29:AJ29,"NH") -> 0 | AO29: =COUNTIF(F29:AJ29,"FH") -> 0 | AP29: =COUNTIF(F29:AJ29,"T") -> 0 | AQ29: =COUNTIF(F29:AJ29,"ML") -> 0 | AR29: =COUNTIF(F29:AJ29,"EL") -> 0 | AS29: 1 | AT29: =COUNTIF(F29:AJ29,"SL") -> 0 | AU29: 2 | AV29: =COUNTIF(F29:AJ29,"CL") -> 0 | AW29: 2 | AX29: =AK29+AL29+(AM29+AN29+AO29+AP29+AQ29+AR29+AT29+AV29) -> 0 | AY29: =AX29-AL29-(AM29/2) -> 0
AK30: =COUNTIF(F30:AJ30,"P") -> 0 | AL30: =COUNTIF(F30:AJ30,"L") -> 0 | AM30: =COUNTIF(F30:AJ30,"HD") -> 0 | AN30: =COUNTIF(F30:AJ30,"NH") -> 0 | AO30: =COUNTIF(F30:AJ30,"FH") -> 0 | AP30: =COUNTIF(F30:AJ30,"T") -> 0 | AQ30: =COUNTIF(F30:AJ30,"ML") -> 0 | AR30: =COUNTIF(F30:AJ30,"EL") -> 0 | AS30: 1 | AT30: =COUNTIF(F30:AJ30,"SL") -> 0 | AU30: 2 | AV30: =COUNTIF(F30:AJ30,"CL") -> 0 | AW30: 2 | AX30: =AK30+AL30+(AM30+AN30+AO30+AP30+AQ30+AR30+AT30+AV30) -> 0 | AY30: =AX30-AL30-(AM30/2) -> 0
... AK62: =COUNTIF(F62:AJ62,"P") -> 0 | AL62: =COUNTIF(F62:AJ62,"L") -> 0 | AM62: =COUNTIF(F62:AJ62,"HD") -> 0 | AN62: =COUNTIF(F62:AJ62,"NH") -> 0 | AO62: =COUNTIF(F62:AJ62,"FH") -> 0 | AP62: =COUNTIF(F62:AJ62,"T") -> 0 | AQ62: =COUNTIF(F62:AJ62,"ML") -> 0 | AR62: =COUNTIF(F62:AJ62,"EL") -> 0 | AS62: 1 | AT62: =COUNTIF(F62:AJ62,"SL") -> 0 | AU62: 2 | AV62: =COUNTIF(F62:AJ62,"CL") -> 0 | AW62: 2 | AX62: =AK62+AL62+(AM62+AN62+AO62+AP62+AQ62+AR62+AT62+AV62) -> 0 | AY62: =AX62-AL62-(AM62/2) -> 0
A64: Daily Attendance | F64: =COUNTIF(F13:F62,"P") -> 3 | G64: =COUNTIF(G13:G62,"P") -> 4 | H64: =COUNTIF(H13:H62,"P") -> 4 | I64: =COUNTIF(I13:I62,"P") -> 4 | J64: =COUNTIF(J13:J62,"P") -> 4 | K64: =COUNTIF(K13:K62,"P") -> 4 | L64: =COUNTIF(L13:L62,"P") -> 4 | M64: =COUNTIF(M13:M62,"P") -> 3 | ... AJ64: =COUNTIF(AJ13:AJ62,"P") -> 5

Sheet April '25
E1: JAIKALKI TECHNOLOGY PVT. LTD.
E2: Employee Attendance Sheet
B3: =HLOOKUP(B6,$E$3:$O$4,2,0) -> 4 | E3: January | F3: February | G3: March | H3: April | I3: May | J3: June | K3: July | L3: August | M3: September | N3: October | O3: Novemeber | P3: December
E4: 1 | F4: 2 | G4: 3 | H4: 4 | I4: 5 | J4: 6 | K4: 7 | L4: 8 | M4: 9 | N4: 10 | O4: 11 | P4: 12
A5: Year | B5: 2025 | C5: D O B | D5: D O J | E5: Date | F5: 1 | G5: 2 | H5: 3 | I5: 4 | J5: 5 | K5: 6 | L5: 7 | M5: 8 | N5: 9 | O5: 10 | P5: 11 | Q5: 12 | R5: 13 | S5: 14 | T5: 15 | U5: 16 | V5: 17 | W5: 18 | X5: 19 | Y5: 20 | Z5: 21 | AA5: 22 | AB5: 23 | AC5: 24 | AD5: 25 | AE5: 26 | AF5: 27 | AG5: 28 | AH5: 29 | AI5: 30 | AJ5: 31 | AK5: Monthly Attendance Summary
A6: Month | B6: April | E6: Type of Day | F6: =IF(F7="Sun","H","W") -> W | G6: =IF(G7="Sun","H","W") -> W | H6: =IF(H7="Sun","H","W") -> W | I6: =IF(I7="Sun","H","W") -> W | J6: =IF(J7="Sun","H","W") -> W | K6: =IF(K7="Sun","H","W") -> H | L6: =IF(L7="Sun","H","W") -> W | M6: =IF(M7="Sun","H","W") -> W | ... AJ6: =IF(AJ7="Sun","H","W") -> W
A7: Emp. ID | B7: Employee Name | E7: Month | F7: =IFERROR(TEXT(DATE($B$5,$B$3,F$5),"ddd"),"") -> Tue | G7: =IFERROR(TEXT(DATE($B$5,$B$3,G$5),"ddd"),"") -> Wed | H7: =IFERROR(TEXT(DATE($B$5,$B$3,H$5),"ddd"),"") -> Thu | I7: =IFERROR(TEXT(DATE($B$5,$B$3,I$5),"ddd"),"") -> Fri | J7: =IFERROR(TEXT(DATE($B$5,$B$3,J$5),"ddd"),"") -> Sat | K7: =IFERROR(TEXT(DATE($B$5,$B$3,K$5),"ddd"),"") -> Sun | L7: =IFERROR(TEXT(DATE($B$5,$B$3,L$5),"ddd"),"") -> Mon | M7: =IFERROR(TEXT(DATE($B$5,$B$3,M$5),"ddd"),"") -> Tue | ... AJ7: =IFERROR(TEXT(DATE($B$5,$B$3,AJ$5),"ddd"),"") -> Thu | AK7: P | AL7: L | AM7: HD | AN7: NH | AO7: FH | AP7: T | AQ7: ML | AR7: EL | AS7: EL AL | AT7: SL | AU7: SL AL | AV7: CL | AW7: CL AL | AX7: Working Days | AY7: Days Payable
A8: JKT001 | B8: Shyamveer Singh | C8: 11th Sept 1991 | D8: 14th Sept 2024 | E8: =$B$6 -> April | F8: P | G8: P | H8: P | I8: P | J8: P | K8: P | L8: P | M8: P | N8: P | O8: P | P8: P | Q8: P | R8: P | S8: P | T8: P | U8: P | V8: P | W8: P | X8: P | Y8: P | Z8: P | AA8: P | AB8: P | AC8: P | AD8: P | AE8: P | AF8: P | AG8: P | AH8: P | AI8: P | AK8: =COUNTIF(F8:AJ8,"P") -> 30 | AL8: =COUNTIF(F8:AJ8,"L") -> 0 | AM8: =COUNTIF(F8:AJ8,"HD") -> 0 | AN8: =COUNTIF(F8:AJ8,"NH") -> 0 | AO8: =COUNTIF(F8:AJ8,"FH") -> 0 | AP8: =COUNTIF(F8:AJ8,"T") -> 0 | AQ8: =COUNTIF(F8:AJ8,"ML") -> 0 | AR8: =COUNTIF(F8:AJ8,"EL") -> 0 | AS8: 1 | AT8: =COUNTIF(O8:AS8,"SL") -> 0 | AU8: 2 | AV8: =COUNTIF(F8:AJ8,"CL") -> 0 | AW8: 2 | AX8: =AK8+AL8+(AM8+AN8+AO8+AP8+AQ8+AR8+AT8+AV8) -> 30 | AY8: =AX8-AL8-(AM8/2) -> 30
A9: JKT002 | B9: Rohitkumar Kannojiya | C9: 10th May 2001 | D9: 14th Sept 2024 | E9: =$B$6 -> April | F9: P | G9: P | H9: P | I9: P | J9: P | K9: P | L9: P | M9: P | N9: P | O9: P | P9: P | Q9: P | R9: P | S9: P | T9: P | U9: P | V9: P | W9: P | X9: P | Y9: P | Z9: P | AA9: P | AB9: P | AC9: P | AD9: P | AE9: P | AF9: P | AG9: P | AH9: P | AI9: P | AK9: =COUNTIF(F9:AJ9,"P") -> 30 | AL9: =COUNTIF(F9:AJ9,"L") -> 0 | AM9: =COUNTIF(F9:AJ9,"HD") -> 0 | AN9: =COUNTIF(F9:AJ9,"NH") -> 0 | AO9: =COUNTIF(F9:AJ9,"FH") -> 0 | AP9: =COUNTIF(F9:AJ9,"T") -> 0 | AQ9: =COUNTIF(F9:AJ9,"ML") -> 0 | AR9: =COUNTIF(F9:AJ9,"EL") -> 0 | AS9: 1 | AT9: =COUNTIF(O9:AS9,"SL") -> 0 | AU9: 2 | AV9: =COUNTIF(F9:AJ9,"CL") -> 0 | AW9: 2 | AX9: =AK9+AL9+(AM9+AN9+AO9+AP9+AQ9+AR9+AT9+AV9) -> 30 | AY9: =AX9-AL9-(AM9/2) -> 30
A10: JKT003 | B10: Krunal Trivedi | C10: 29th May 1987 | D10: 14th Sept 2024 | E10: =$B$6 -> April | F10: P | G10: P | H10: P | I10: P | J10: P | K10: P | L10: P | M10: P | N10: P | O10: P | P10: P | Q10: P | R10: P | S10: P | T10: P | U10: P | V10: P | W10: P | X10: P | Y10: P | Z10: P | AA10: P | AB10: P | AC10: P | AD10: P | AE10: P | AF10: P | AG10: P | AH10: P | AI10: P | AK10: =COUNTIF(F10:AJ10,"P") -> 30 | AL10: =COUNTIF(F10:AJ10,"L") -> 0 | AM10: =COUNTIF(F10:AJ10,"HD") -> 0 | AN10: =COUNTIF(F10:AJ10,"NH") -> 0 | AO10: =COUNTIF(F10:AJ10,"FH") -> 0 | AP10: =COUNTIF(F10:AJ10,"T") -> 0 | AQ10: =COUNTIF(F10:AJ10,"ML") -> 0 | AR10: =COUNTIF(F10:AJ10,"EL") -> 0 | AS10: 1 | AT10: =COUNTIF(O10:AS10,"SL") -> 0 | AU10: 2 | AV10: =COUNTIF(F10:AJ10,"CL") -> 0 | AW10: 2 | AX10: =AK10+AL10+(AM10+AN10+AO10+AP10+AQ10+AR10+AT10+AV10) -> 30 | AY10: =AX10-AL10-(AM10/2) -> 30
A11: JKT004 | B11: Ranjeetkumar Yadav | C11: 27th Mar 1987 | D11: 14th Sept 2024 | E11: =$B$6 -> April | F11: P | G11: P | H11: P | I11: P | J11: P | K11: P | L11: P | M11: P | N11: P | O11: P | P11: P | Q11: P | R11: P | S11: P | T11: P | U11: P | V11: P | W11: P | X11: P | Y11: P | Z11: P | AA11: P | AB11: P | AC11: P | AD11: P | AE11: P | AF11: P | AG11: P | AH11: P | AI11: P | AK11: =COUNTIF(F11:AJ11,"P") -> 30 | AL11: =COUNTIF(F11:AJ11,"L") -> 0 | AM11: =COUNTIF(F11:AJ11,"HD") -> 0 | AN11: =COUNTIF(F11:AJ11,"NH") -> 0 | AO11: =COUNTIF(F11:AJ11,"FH") -> 0 | AP11: =COUNTIF(F11:AJ11,"T") -> 0 | AQ11: =COUNTIF(F11:AJ11,"ML") -> 0 | AR11: =COUNTIF(F11:AJ11,"EL") -> 0 | AS11: 1 | AT11: =COUNTIF(O11:AS11,"SL") -> 0 | AU11: 2 | AV11: =COUNTIF(F11:AJ11,"CL") -> 0 | AW11: 2 | AX11: =AK11+AL11+(AM11+AN11+AO11+AP11+AQ11+AR11+AT11+AV11) -> 30 | AY11: =AX11-AL11-(AM11/2) -> 30
A12: JKT005 | B12: Santosh Vishwakarma | C12: 4th Jul 1998 | D12: 14th Sept 2024 | E12: =$B$6 -> April | F12: P | G12: P | H12: P | I12: P | J12: P | K12: P | L12: P | M12: P | N12: P | O12: P | P12: P | Q12: P | R12: P | S12: P | T12: P | U12: P | V12: P | W12: P | X12: P | Y12: P | Z12: P | AA12: P | AB12: P | AC12: P | AD12: P | AE12: P | AF12: P | AG12: P | AH12: P | AI12: P | AK12: =COUNTIF(F12:AJ12,"P") -> 30 | AL12: =COUNTIF(F12:AJ12,"L") -> 0 | AM12: =COUNTIF(F12:AJ12,"HD") -> 0 | AN12: =COUNTIF(F12:AJ12,"NH") -> 0 | AO12: =COUNTIF(F12:AJ12,"FH") -> 0 | AP12: =COUNTIF(F12:AJ12,"T") -> 0 | AQ12: =COUNTIF(F12:AJ12,"ML") -> 0 | AR12: =COUNTIF(F12:AJ12,"EL") -> 0 | AS12: 1 | AT12: =COUNTIF(O12:AS12,"SL") -> 0 | AU12: 2 | AV12: =COUNTIF(F12:AJ12,"CL") -> 0 | AW12: 2 | AX12: =AK12+AL12+(AM12+AN12+AO12+AP12+AQ12+AR12+AT12+AV12) -> 30 | AY12: =AX12-AL12-(AM12/2) -> 30
A13: JKT006 | B13: Deepak Borana | C13: 23rd June 2000 | D13: 6th Jan 2025 | E13: =$B$6 -> April | F13: P | G13: P | H13: P | I13: P | J13: P | K13: P | L13: P | M13: P | N13: P | O13: P | P13: P | Q13: P | R13: P | S13: L | T13: P | U13: P | V13: P | W13: P | X13: P | Y13: P | Z13: P | AA13: P | AB13: P | AC13: P | AD13: P | AE13: P | AF13: P | AG13: P | AH13: P | AI13: P | AK13: =COUNTIF(F13:AJ13,"P") -> 29 | AL13: =COUNTIF(F13:AJ13,"L") -> 1 | AM13: =COUNTIF(F13:AJ13,"HD") -> 0 | AN13: =COUNTIF(F13:AJ13,"NH") -> 0 | AO13: =COUNTIF(F13:AJ13,"FH") -> 0 | AP13: =COUNTIF(F13:AJ13,"T") -> 0 | AQ13: =COUNTIF(F13:AJ13,"ML") -> 0 | AR13: =COUNTIF(F13:AJ13,"EL") -> 0 | AS13: 1 | AT13: =COUNTIF(F13:AJ13,"SL") -> 0 | AU13: 2 | AV13: =COUNTIF(F13:AJ13,"CL") -> 0 | AW13: 2 | AX13: =AK13+AL13+(AM13+AN13+AO13+AP13+AQ13+AR13+AT13+AV13) -> 30 | AY13: =AX13-AL13-(AM13/2) -> 29
A14: JKT007 | B14: Jincy Mathew | C14: 19th April 1999 | D14: 13th Jan 2025 | E14: =$B$6 -> April | F14: P | G14: P | H14: P | I14: P | J14: L | K14: P | L14: P | M14: P | N14: P | O14: P | P14: L | Q14: L | R14: P | S14: P | T14: P | U14: P | V14: P | W14: L | X14: L | Y14: P | Z14: P | AA14: P | AB14: P | AC14: P | AD14: P | AE14: L | AF14: P | AG14: P | AH14: P | AI14: P | AK14: =COUNTIF(F14:AJ14,"P") -> 24 | AL14: =COUNTIF(F14:AJ14,"L") -> 6 | AM14: =COUNTIF(F14:AJ14,"HD") -> 0 | AN14: =COUNTIF(F14:AJ14,"NH") -> 0 | AO14: =COUNTIF(F14:AJ14,"FH") -> 0 | AP14: =COUNTIF(F14:AJ14,"T") -> 0 | AQ14: =COUNTIF(F14:AJ14,"ML") -> 0 | AR14: =COUNTIF(F14:AJ14,"EL") -> 0 | AS14: 1 | AT14: =COUNTIF(F14:AJ14,"SL") -> 0 | AU14: 2 | AV14: =COUNTIF(F14:AJ14,"CL") -> 0 | AW14: 2 | AX14: =AK14+AL14+(AM14+AN14+AO14+AP14+AQ14+AR14+AT14+AV14) -> 30 | AY14: =AX14-AL14-(AM14/2) -> 24
A15: JKT008 | B15: Sanjay Jaiswar | C15: 18th Feb 2002 | D15: 16th Jan 2025 | E15: =$B$6 -> April | F15: P | G15: P | H15: P | I15: P | J15: P | K15: P | L15: P | M15: P | N15: P | O15: P | P15: P | Q15: P | R15: P | S15: P | T15: P | U15: P | V15: P | W15: P | X15: P | Y15: P | Z15: P | AA15: P | AB15: P | AC15: P | AD15: P | AE15: P | AF15: P | AG15: P | AH15: P | AI15: P | AK15: =COUNTIF(F15:AJ15,"P") -> 30 | AL15: =COUNTIF(F15:AJ15,"L") -> 0 | AM15: =COUNTIF(F15:AJ15,"HD") -> 0 | AN15: =COUNTIF(F15:AJ15,"NH") -> 0 | AO15: =COUNTIF(F15:AJ15,"FH") -> 0 | AP15: =COUNTIF(F15:AJ15,"T") -> 0 | AQ15: =COUNTIF(F15:AJ15,"ML") -> 0 | AR15: =COUNTIF(F15:AJ15,"EL") -> 0 | AS15: 1 | AT15: =COUNTIF(F15:AJ15,"SL") -> 0 | AU15: 2 | AV15: =COUNTIF(F15:AJ15,"CL") -> 0 | AW15: 2 | AX15: =AK15+AL15+(AM15+AN15+AO15+AP15+AQ15+AR15+AT15+AV15) -> 30 | AY15: =AX15-AL15-(AM15/2) -> 30
A16: JKT009 | B16: Chauhan Badal | C16: 12th Mar 2002 | D16: 30th Jan 2025 | E16: =$B$6 -> April | F16: P | G16: P | H16: P | I16: P | J16: P | K16: P | L16: P | M16: P | N16: P | O16: P | P16: P | Q16: P | R16: P | S16: P | T16: P | U16: P | V16: P | W16: P | X16: P | Y16: P | Z16: P | AA16: P | AB16: P | AC16: P | AD16: L | AE16: P | AF16: P | AG16: P | AH16: P | AI16: P | AK16: =COUNTIF(F16:AJ16,"P") -> 29 | AL16: =COUNTIF(F16:AJ16,"L") -> 1 | AM16: =COUNTIF(F16:AJ16,"HD") -> 0 | AN16: =COUNTIF(F16:AJ16,"NH") -> 0 | AO16: =COUNTIF(F16:AJ16,"FH") -> 0 | AP16: =COUNTIF(F16:AJ16,"T") -> 0 | AQ16: =COUNTIF(F16:AJ16,"ML") -> 0 | AR16: =COUNTIF(F16:AJ16,"EL") -> 0 | AS16: 1 | AT16: =COUNTIF(F16:AJ16,"SL") -> 0 | AU16: 2 | AV16: =COUNTIF(F16:AJ16,"CL") -> 0 | AW16: 2 | AX16: =AK16+AL16+(AM16+AN16+AO16+AP16+AQ16+AR16+AT16+AV16) -> 30 | AY16: =AX16-AL16-(AM16/2) -> 29
A17: JKT010 | B17: Vikas Kotiyan | C17: 18th Sept 1999 | D17: 17th Mar 2025 | E17: =$B$6 -> April | F17: P | G17: P | H17: P | I17: P | J17: P | K17: P | L17: L | M17: P | N17: P | O17: P | P17: P | Q17: P | R17: P | S17: P | T17: P | U17: P | V17: P | W17: P | X17: P | Y17: P | Z17: P | AA17: P | AB17: P | AC17: P | AD17: P | AE17: P | AF17: P | AG17: P | AH17: P | AI17: P | AK17: =COUNTIF(F17:AJ17,"P") -> 29 | AL17: =COUNTIF(F17:AJ17,"L") -> 1 | AM17: =COUNTIF(F17:AJ17,"HD") -> 0 | AN17: =COUNTIF(F17:AJ17,"NH") -> 0 | AO17: =COUNTIF(F17:AJ17,"FH") -> 0 | AP17: =COUNTIF(F17:AJ17,"T") -> 0 | AQ17: =COUNTIF(F17:AJ17,"ML") -> 0 | AR17: =COUNTIF(F17:AJ17,"EL") -> 0 | AS17: 1 | AT17: =COUNTIF(F17:AJ17,"SL") -> 0 | AU17: 2 | AV17: =COUNTIF(F17:AJ17,"CL") -> 0 | AW17: 2 | AX17: =AK17+AL17+(AM17+AN17+AO17+AP17+AQ17+AR17+AT17+AV17) -> 30 | AY17: =AX17-AL17-(AM17/2) -> 29
A18: JKT011 | B18: Pratibha Tiwari | C18: 14th Feb 2004 | D18: 17th Apr 2025 | E18: =$B$6 -> April | V18: P | W18: P | X18: P | Y18: P | Z18: P | AA18: P | AB18: P | AC18: P | AD18: P | AE18: P | AF18: P | AG18: P | AH18: P | AI18: P | AK18: =COUNTIF(F18:AJ18,"P") -> 14 | AL18: =COUNTIF(F18:AJ18,"L") -> 0 | AM18: =COUNTIF(F18:AJ18,"HD") -> 0 | AN18: =COUNTIF(F18:AJ18,"NH") -> 0 | AO18: =COUNTIF(F18:AJ18,"FH") -> 0 | AP18: =COUNTIF(F18:AJ18,"T") -> 0 | AQ18: =COUNTIF(F18:AJ18,"ML") -> 0 | AR18: =COUNTIF(F18:AJ18,"EL") -> 0 | AS18: 1 | AT18: =COUNTIF(F18:AJ18,"SL") -> 0 | AU18: 2 | AV18: =COUNTIF(F18:AJ18,"CL") -> 0 | AW18: 2 | AX18: =AK18+AL18+(AM18+AN18+AO18+AP18+AQ18+AR18+AT18+AV18) -> 14 | AY18: =AX18-AL18-(AM18/2) -> 14
AK19: =COUNTIF(F19:AJ19,"P") -> 0 | AL19: =COUNTIF(F19:AJ19,"L") -> 0 | AM19: =COUNTIF(F19:AJ19,"HD") -> 0 | AN19: =COUNTIF(F19:AJ19,"NH") -> 0 | AO19: =COUNTIF(F19:AJ19,"FH") -> 0 | AP19: =COUNTIF(F19:AJ19,"T") -> 0 | AQ19: =COUNTIF(F19:AJ19,"ML") -> 0 | AR19: =COUNTIF(F19:AJ19,"EL") -> 0 | AS19: 1 | AT19: =COUNTIF(F19:AJ19,"SL") -> 0 | AU19: 2 | AV19: =COUNTIF(F19:AJ19,"CL") -> 0 | AW19: 2 | AX19: =AK19+AL19+(AM19+AN19+AO19+AP19+AQ19+AR19+AT19+AV19) -> 0 | AY19: =AX19-AL19-(AM19/2) -> 0
AK20: =COUNTIF(F20:AJ20,"P") -> 0 | AL20: =COUNTIF(F20:AJ20,"L") -> 0 | AM20: =COUNTIF(F20:AJ20,"HD") -> 0 | AN20: =COUNTIF(F20:AJ20,"NH") -> 0 | AO20: =COUNTIF(F20:AJ20,"FH") -> 0 | AP20: =COUNTIF(F20:AJ20,"T") -> 0 | AQ20: =COUNTIF(F20:AJ20,"ML") -> 0 | AR20: =COUNTIF(F20:AJ20,"EL") -> 0 | AS20: 1 | AT20: =COUNTIF(F20:AJ20,"SL") -> 0 | AU20: 2 | AV20: =COUNTIF(F20:AJ20,"CL") -> 0 | AW20: 2 | AX20: =AK20+AL20+(AM20+AN20+AO20+AP20+AQ20+AR20+AT20+AV20) -> 0 | AY20: =AX20-AL20-(AM20/2) -> 0
AK21: =COUNTIF(F21:AJ21,"P") -> 0 | AL21: =COUNTIF(F21:AJ21,"L") -> 0 | AM21: =COUNTIF(F21:AJ21,"HD") -> 0 | AN21: =COUNTIF(F21:AJ21,"NH") -> 0 | AO21: =COUNTIF(F21:AJ21,"FH") -> 0 | AP21: =COUNTIF(F21:AJ21,"T") -> 0 | AQ21: =COUNTIF(F21:AJ21,"ML") -> 0 | AR21: =COUNTIF(F21:AJ21,"EL") -> 0 | AS21: 1 | AT21: =COUNTIF(F21:AJ21,"SL") -> 0 | AU21: 2 | AV21: =COUNTIF(F21:AJ21,"CL") -> 0 | AW21: 2 | AX21: =AK21+AL21+(AM21+AN21+AO21+AP21+AQ21+AR21+AT21+AV21) -> 0 | AY21: =AX21-AL21-(AM21/2) -> 0
AK22: =COUNTIF(F22:AJ22,"P") -> 0 | AL22: =COUNTIF(F22:AJ22,"L") -> 0 | AM22: =COUNTIF(F22:AJ22,"HD") -> 0 | AN22: =COUNTIF(F22:AJ22,"NH") -> 0 | AO22: =COUNTIF(F22:AJ22,"FH") -> 0 | AP22: =COUNTIF(F22:AJ22,"T") -> 0 | AQ22: =COUNTIF(F22:AJ22,"ML") -> 0 | AR22: =COUNTIF(F22:AJ22,"EL") -> 0 | AS22: 1 | AT22: =COUNTIF(F22:AJ22,"SL") -> 0 | AU22: 2 | AV22: =COUNTIF(F22:AJ22,"CL") -> 0 | AW22: 2 | AX22: =AK22+AL22+(AM22+AN22+AO22+AP22+AQ22+AR22+AT22+AV22) -> 0 | AY22: =AX22-AL22-(AM22/2) -> 0
AK23: =COUNTIF(F23:AJ23,"P") -> 0 | AL23: =COUNTIF(F23:AJ23,"L") -> 0 | AM23: =COUNTIF(F23:AJ23,"HD") -> 0 | AN23: =COUNTIF(F23:AJ23,"NH") -> 0 | AO23: =COUNTIF(F23:AJ23,"FH") -> 0 | AP23: =COUNTIF(F23:AJ23,"T") -> 0 | AQ23: =COUNTIF(F23:AJ23,"ML") -> 0 | AR23: =COUNTIF(F23:AJ23,"EL") -> 0 | AS23: 1 | AT23: =COUNTIF(F23:AJ23,"SL") -> 0 | AU23: 2 | AV23: =COUNTIF(F23:AJ23,"CL") -> 0 | AW23: 2 | AX23: =AK23+AL23+(AM23+AN23+AO23+AP23+AQ23+AR23+AT23+AV23) -> 0 | AY23: =AX23-AL23-(AM23/2) -> 0
AK24: =COUNTIF(F24:AJ24,"P") -> 0 | AL24: =COUNTIF(F24:AJ24,"L") -> 0 | AM24: =COUNTIF(F24:AJ24,"HD") -> 0 | AN24: =COUNTIF(F24:AJ24,"NH") -> 0 | AO24: =COUNTIF(F24:AJ24,"FH") -> 0 | AP24: =COUNTIF(F24:AJ24,"T") -> 0 | AQ24: =COUNTIF(F24:AJ24,"ML") -> 0 | AR24: =COUNTIF(F24:AJ24,"EL") -> 0 | AS24: 1 | AT24: =COUNTIF(F24:AJ24,"SL") -> 0 | AU24: 2 | AV24: =COUNTIF(F24:AJ24,"CL") -> 0 | AW24: 2 | AX24: =AK24+AL24+(AM24+AN24+AO24+AP24+AQ24+AR24+AT24+AV24) -> 0 | AY24: =AX24-AL24-(AM24/2) -> 0
AK25: =COUNTIF(F25:AJ25,"P") -> 0 | AL25: =COUNTIF(F25:AJ25,"L") -> 0 | AM25: =COUNTIF(F25:AJ25,"HD") -> 0 | AN25: =COUNTIF(F25:AJ25,"NH") -> 0 | AO25: =COUNTIF(F25:AJ25,"FH") -> 0 | AP25: =COUNTIF(F25:AJ25,"T") -> 0 | AQ25: =COUNTIF(F25:AJ25,"ML") -> 0 | AR25: =COUNTIF(F25:AJ25,"EL") -> 0 | AS25: 1 | AT25: =COUNTIF(F25:AJ25,"SL") -> 0 | AU25: 2 | AV25: =COUNTIF(F25:AJ25,"CL") -> 0 | AW25: 2 | AX25: =AK25+AL25+(AM25+AN25+AO25+AP25+AQ25+AR25+AT25+AV25) -> 0 | AY25: =AX25-AL25-(AM25/2) -> 0
AK26: =COUNTIF(F26:AJ26,"P") -> 0 | AL26: =COUNTIF(F26:AJ26,"L") -> 0 | AM26: =COUNTIF(F26:AJ26,"HD") -> 0 | AN26: =COUNTIF(F26:AJ26,"NH") -> 0 | AO26: =COUNTIF(F26:AJ26,"FH") -> 0 | AP26: =COUNTIF(F26:AJ26,"T") -> 0 | AQ26: =COUNTIF(F26:AJ26,"ML") -> 0 | AR26: =COUNTIF(F26:AJ26,"EL") -> 0 | AS26: 1 | AT26: =COUNTIF(F26:AJ26,"SL") -> 0 | AU26: 2 | AV26: =COUNTIF(F26:AJ26,"CL") -> 0 | AW26: 2 | AX26: =AK26+AL26+(AM26+AN26+AO26+AP26+AQ26+AR26+AT26+AV26) -> 0 | AY26: =AX26-AL26-(AM26/2) -> 0
AK27: =COUNTIF(F27:AJ27,"P") -> 0 | AL27: =COUNTIF(F27:AJ27,"L") -> 0 | AM27: =COUNTIF(F27:AJ27,"HD") -> 0 | AN27: =COUNTIF(F27:AJ27,"NH") -> 0 | AO27: =COUNTIF(F27:AJ27,"FH") -> 0 | AP27: =COUNTIF(F27:AJ27,"T") -> 0 | AQ27: =COUNTIF(F27:AJ27,"ML") -> 0 | AR27: =COUNTIF(F27:AJ27,"EL") -> 0 | AS27: 1 | AT27: =COUNTIF(F27:AJ27,"SL") -> 0 | AU27: 2 | AV27: =COUNTIF(F27:AJ27,"CL") -> 0 | AW27: 2 | AX27: =AK27+AL27+(AM27+AN27+AO27+AP27+AQ27+AR27+AT27+AV27) -> 0 | AY27: =AX27-AL27-(AM27/2) -> 0
AK28: =COUNTIF(F28:AJ28,"P") -> 0 | AL28: =COUNTIF(F28:AJ28,"L") -> 0 | AM28: =COUNTIF(F28:AJ28,"HD") -> 0 | AN28: =COUNTIF(F28:AJ28,"NH") -> 0 | AO28: =COUNTIF(F28:AJ28,"FH") -> 0 | AP28: =COUNTIF(F28:AJ28,"T") -> 0 | AQ28: =COUNTIF(F28:AJ28,"ML") -> 0 | AR28: =COUNTIF(F28:AJ28,"EL") -> 0 | AS28: 1 | AT28: =COUNTIF(F28:AJ28,"SL") -> 0 | AU28: 2 | AV28: =COUNTIF(F28:AJ28,"CL") -> 0 | AW28: 2 | AX28: =AK28+AL28+(AM28+AN28+AO28+AP28+AQ28+AR28+AT28+AV28) -> 0 | AY28: =AX28-AL28-(AM28/2) -> 0
AK29: =COUNTIF(F29:AJ29,"P") -> 0 | AL29: =COUNTIF(F29:AJ29,"L") -> 0 | AM29: =COUNTIF(F29:AJ29,"HD") -> 0 | AN29: =COUNTIF(F29:AJ29,"NH") -> 0 | AO29: =COUNTIF(F29:AJ29,"FH") -> 0 | AP29: =COUNTIF(F29:AJ29,"T") -> 0 | AQ29: =COUNTIF(F29:AJ29,"ML") -> 0 | AR29: =COUNTIF(F29:AJ29,"EL") -> 0 | AS29: 1 | AT29: =COUNTIF(F29:AJ29,"SL") -> 0 | AU29: 2 | AV29: =COUNTIF(F29:AJ29,"CL") -> 0 | AW29: 2 | AX29: =AK29+AL29+(AM29+AN29+AO29+AP29+AQ29+AR29+AT29+AV29) -> 0 | AY29: =AX29-AL29-(AM29/2) -> 0
AK30: =COUNTIF(F30:AJ30,"P") -> 0 | AL30: =COUNTIF(F30:AJ30,"L") -> 0 | AM30: =COUNTIF(F30:AJ30,"HD") -> 0 | AN30: =COUNTIF(F30:AJ30,"NH") -> 0 | AO30: =COUNTIF(F30:AJ30,"FH") -> 0 | AP30: =COUNTIF(F30:AJ30,"T") -> 0 | AQ30: =COUNTIF(F30:AJ30,"ML") -> 0 | AR30: =COUNTIF(F30:AJ30,"EL") -> 0 | AS30: 1 | AT30: =COUNTIF(F30:AJ30,"SL") -> 0 | AU30: 2 | AV30: =COUNTIF(F30:AJ30,"CL") -> 0 | AW30: 2 | AX30: =AK30+AL30+(AM30+AN30+AO30+AP30+AQ30+AR30+AT30+AV30) -> 0 | AY30: =AX30-AL30-(AM30/2) -> 0
... AK62: =COUNTIF(F62:AJ62,"P") -> 0 | AL62: =COUNTIF(F62:AJ62,"L") -> 0 | AM62: =COUNTIF(F62:AJ62,"HD") -> 0 | AN62: =COUNTIF(F62:AJ62,"NH") -> 0 | AO62: =COUNTIF(F62:AJ62,"FH") -> 0 | AP62: =COUNTIF(F62:AJ62,"T") -> 0 | AQ62: =COUNTIF(F62:AJ62,"ML") -> 0 | AR62: =COUNTIF(F62:AJ62,"EL") -> 0 | AS62: 1 | AT62: =COUNTIF(F62:AJ62,"SL") -> 0 | AU62: 2 | AV62: =COUNTIF(F62:AJ62,"CL") -> 0 | AW62: 2 | AX62: =AK62+AL62+(AM62+AN62+AO62+AP62+AQ62+AR62+AT62+AV62) -> 0 | AY62: =AX62-AL62-(AM62/2) -> 0
A64: Daily Attendance | F64: =COUNTIF(F13:F62,"P") -> 5 | G64: =COUNTIF(G13:G62,"P") -> 5 | H64: =COUNTIF(H13:H62,"P") -> 5 | I64: =COUNTIF(I13:I62,"P") -> 5 | J64: =COUNTIF(J13:J62,"P") -> 4 | K64: =COUNTIF(K13:K62,"P") -> 5 | L64: =COUNTIF(L13:L62,"P") -> 4 | M64: =COUNTIF(M13:M62,"P") -> 5 | ... AJ64: =COUNTIF(AJ13:AJ62,"P") -> 0

Sheet May '25
E1: JAIKALKI TECHNOLOGY PVT. LTD.
E2: Employee Attendance Sheet
B3: =HLOOKUP(B6,$E$3:$O$4,2,0) -> 5 | E3: January | F3: February | G3: March | H3: April | I3: May | J3: June | K3: July | L3: August | M3: September | N3: October | O3: Novemeber | P3: December
E4: 1 | F4: 2 | G4: 3 | H4: 4 | I4: 5 | J4: 6 | K4: 7 | L4: 8 | M4: 9 | N4: 10 | O4: 11 | P4: 12
A5: Year | B5: 2025 | C5: D O B | D5: D O J | E5: Date | F5: 1 | G5: 2 | H5: 3 | I5: 4 | J5: 5 | K5: 6 | L5: 7 | M5: 8 | N5: 9 | O5: 10 | P5: 11 | Q5: 12 | R5: 13 | S5: 14 | T5: 15 | U5: 16 | V5: 17 | W5: 18 | X5: 19 | Y5: 20 | Z5: 21 | AA5: 22 | AB5: 23 | AC5: 24 | AD5: 25 | AE5: 26 | AF5: 27 | AG5: 28 | AH5: 29 | AI5: 30 | AJ5: 31 | AK5: Monthly Attendance Summary
A6: Month | B6: May | E6: Type of Day | F6: =IF(F7="Sun","H","W") -> W | G6: =IF(G7="Sun","H","W") -> W | H6: =IF(H7="Sun","H","W") -> W | I6: =IF(I7="Sun","H","W") -> H | J6: =IF(J7="Sun","H","W") -> W | K6: =IF(K7="Sun","H","W") -> W | L6: =IF(L7="Sun","H","W") -> W | M6: =IF(M7="Sun","H","W") -> W | ... AJ6: =IF(AJ7="Sun","H","W") -> W
A7: Emp. ID | B7: Employee Name | E7: Month | F7: =IFERROR(TEXT(DATE($B$5,$B$3,F$5),"ddd"),"") -> Thu | G7: =IFERROR(TEXT(DATE($B$5,$B$3,G$5),"ddd"),"") -> Fri | H7: =IFERROR(TEXT(DATE($B$5,$B$3,H$5),"ddd"),"") -> Sat | I7: =IFERROR(TEXT(DATE($B$5,$B$3,I$5),"ddd"),"") -> Sun | J7: =IFERROR(TEXT(DATE($B$5,$B$3,J$5),"ddd"),"") -> Mon | K7: =IFERROR(TEXT(DATE($B$5,$B$3,K$5),"ddd"),"") -> Tue | L7: =IFERROR(TEXT(DATE($B$5,$B$3,L$5),"ddd"),"") -> Wed | M7: =IFERROR(TEXT(DATE($B$5,$B$3,M$5),"ddd"),"") -> Thu | ... AJ7: =IFERROR(TEXT(DATE($B$5,$B$3,AJ$5),"ddd"),"") -> Sat | AK7: P | AL7: L | AM7: HD | AN7: NH | AO7: FH | AP7: T | AQ7: ML | AR7: EL | AS7: EL AL | AT7: SL | AU7: SL AL | AV7: CL | AW7: CL AL | AX7: Working Days | AY7: Days Payable
A8: JKT001 | B8: Shyamveer Singh | C8: 11th Sept 1991 | D8: 14th Sept 2024 | E8: =$B$6 -> May | F8: P | G8: P | H8: P | I8: P | J8: P | K8: P | L8: P | M8: P | N8: P | O8: P | P8: P | Q8: P | R8: P | S8: P | T8: P | U8: P | V8: P | W8: P | X8: P | Y8: P | Z8: P | AA8: P | AB8: P | AC8: P | AD8: P | AE8: P | AF8: P | AG8: P | AH8: P | AI8: P | AJ8: P | AK8: =COUNTIF(F8:AJ8,"P") -> 31 | AL8: =COUNTIF(F8:AJ8,"L") -> 0 | AM8: =COUNTIF(F8:AJ8,"HD") -> 0 | AN8: =COUNTIF(F8:AJ8,"NH") -> 0 | AO8: =COUNTIF(F8:AJ8,"FH") -> 0 | AP8: =COUNTIF(F8:AJ8,"T") -> 0 | AQ8: =COUNTIF(F8:AJ8,"ML") -> 0 | AR8: =COUNTIF(F8:AJ8,"EL") -> 0 | AS8: 1 | AT8: =COUNTIF(O8:AS8,"SL") -> 0 | AU8: 2 | AV8: =COUNTIF(F8:AJ8,"CL") -> 0 | AW8: 2 | AX8: =AK8+AL8+(AM8+AN8+AO8+AP8+AQ8+AR8+AT8+AV8) -> 31 | AY8: =AX8-AL8-(AM8/2) -> 31
A9: JKT002 | B9: Rohitkumar Kannojiya | C9: 10th May 2001 | D9: 14th Sept 2024 | E9: =$B$6 -> May | F9: P | G9: P | H9: P | I9: P | J9: P | K9: P | L9: P | M9: P | N9: P | O9: P | P9: P | Q9: P | R9: P | S9: P | T9: P | U9: P | V9: P | W9: P | X9: P | Y9: P | Z9: P | AA9: P | AB9: P | AC9: P | AD9: P | AE9: P | AF9: P | AG9: P | AH9: P | AI9: P | AJ9: P | AK9: =COUNTIF(F9:AJ9,"P") -> 31 | AL9: =COUNTIF(F9:AJ9,"L") -> 0 | AM9: =COUNTIF(F9:AJ9,"HD") -> 0 | AN9: =COUNTIF(F9:AJ9,"NH") -> 0 | AO9: =COUNTIF(F9:AJ9,"FH") -> 0 | AP9: =COUNTIF(F9:AJ9,"T") -> 0 | AQ9: =COUNTIF(F9:AJ9,"ML") -> 0 | AR9: =COUNTIF(F9:AJ9,"EL") -> 0 | AS9: 1 | AT9: =COUNTIF(O9:AS9,"SL") -> 0 | AU9: 2 | AV9: =COUNTIF(F9:AJ9,"CL") -> 0 | AW9: 2 | AX9: =AK9+AL9+(AM9+AN9+AO9+AP9+AQ9+AR9+AT9+AV9) -> 31 | AY9: =AX9-AL9-(AM9/2) -> 31
A10: JKT003 | B10: Krunal Trivedi | C10: 29th May 1987 | D10: 14th Sept 2024 | E10: =$B$6 -> May | F10: P | G10: P | H10: P | I10: P | J10: P | K10: P | L10: P | M10: P | N10: P | O10: P | P10: P | Q10: P | R10: P | S10: P | T10: P | U10: P | V10: P | W10: P | X10: P | Y10: P | Z10: P | AA10: P | AB10: P | AC10: P | AD10: P | AE10: P | AF10: P | AG10: P | AH10: P | AI10: P | AJ10: P | AK10: =COUNTIF(F10:AJ10,"P") -> 31 | AL10: =COUNTIF(F10:AJ10,"L") -> 0 | AM10: =COUNTIF(F10:AJ10,"HD") -> 0 | AN10: =COUNTIF(F10:AJ10,"NH") -> 0 | AO10: =COUNTIF(F10:AJ10,"FH") -> 0 | AP10: =COUNTIF(F10:AJ10,"T") -> 0 | AQ10: =COUNTIF(F10:AJ10,"ML") -> 0 | AR10: =COUNTIF(F10:AJ10,"EL") -> 0 | AS10: 1 | AT10: =COUNTIF(O10:AS10,"SL") -> 0 | AU10: 2 | AV10: =COUNTIF(F10:AJ10,"CL") -> 0 | AW10: 2 | AX10: =AK10+AL10+(AM10+AN10+AO10+AP10+AQ10+AR10+AT10+AV10) -> 31 | AY10: =AX10-AL10-(AM10/2) -> 31
A11: JKT004 | B11: Ranjeetkumar Yadav | C11: 27th Mar 1987 | D11: 14th Sept 2024 | E11: =$B$6 -> May | F11: P | G11: P | H11: P | I11: P | J11: P | K11: P | L11: P | M11: P | N11: P | O11: P | P11: P | Q11: P | R11: P | S11: P | T11: P | U11: P | V11: P | W11: P | X11: P | Y11: P | Z11: P | AA11: P | AB11: P | AC11: P | AD11: P | AE11: P | AF11: P | AG11: P | AH11: P | AI11: P | AJ11: P | AK11: =COUNTIF(F11:AJ11,"P") -> 31 | AL11: =COUNTIF(F11:AJ11,"L") -> 0 | AM11: =COUNTIF(F11:AJ11,"HD") -> 0 | AN11: =COUNTIF(F11:AJ11,"NH") -> 0 | AO11: =COUNTIF(F11:AJ11,"FH") -> 0 | AP11: =COUNTIF(F11:AJ11,"T") -> 0 | AQ11: =COUNTIF(F11:AJ11,"ML") -> 0 | AR11: =COUNTIF(F11:AJ11,"EL") -> 0 | AS11: 1 | AT11: =COUNTIF(O11:AS11,"SL") -> 0 | AU11: 2 | AV11: =COUNTIF(F11:AJ11,"CL") -> 0 | AW11: 2 | AX11: =AK11+AL11+(AM11+AN11+AO11+AP11+AQ11+AR11+AT11+AV11) -> 31 | AY11: =AX11-AL11-(AM11/2) -> 31
A12: JKT005 | B12: Santosh Vishwakarma | C12: 4th Jul 1998 | D12: 14th Sept 2024 | E12: =$B$6 -> May | F12: P | G12: P | H12: P | I12: P | J12: P | K12: P | L12: P | M12: P | N12: P | O12: P | P12: P | Q12: P | R12: P | S12: P | T12: P | U12: P | V12: P | W12: P | X12: P | Y12: P | Z12: P | AA12: P | AB12: P | AC12: P | AD12: P | AE12: P | AF12: P | AG12: P | AH12: P | AI12: P | AJ12: P | AK12: =COUNTIF(F12:AJ12,"P") -> 31 | AL12: =COUNTIF(F12:AJ12,"L") -> 0 | AM12: =COUNTIF(F12:AJ12,"HD") -> 0 | AN12: =COUNTIF(F12:AJ12,"NH") -> 0 | AO12: =COUNTIF(F12:AJ12,"FH") -> 0 | AP12: =COUNTIF(F12:AJ12,"T") -> 0 | AQ12: =COUNTIF(F12:AJ12,"ML") -> 0 | AR12: =COUNTIF(F12:AJ12,"EL") -> 0 | AS12: 1 | AT12: =COUNTIF(O12:AS12,"SL") -> 0 | AU12: 2 | AV12: =COUNTIF(F12:AJ12,"CL") -> 0 | AW12: 2 | AX12: =AK12+AL12+(AM12+AN12+AO12+AP12+AQ12+AR12+AT12+AV12) -> 31 | AY12: =AX12-AL12-(AM12/2) -> 31
A13: JKT006 | B13: Deepak Borana | C13: 23rd June 2000 | D13: 6th Jan 2025 | E13: =$B$6 -> May | F13: H | G13: L | H13: P | I13: P | J13: P | K13: P | L13: P | M13: P | N13: P | O13: P | P13: P | Q13: P | R13: P | S13: P | T13: L | U13: P | AK13: =COUNTIF(F13:AJ13,"P") -> 13 | AL13: =COUNTIF(F13:AJ13,"L") -> 2 | AM13: =COUNTIF(F13:AJ13,"HD") -> 0 | AN13: =COUNTIF(F13:AJ13,"NH") -> 0 | AO13: =COUNTIF(F13:AJ13,"FH") -> 0 | AP13: =COUNTIF(F13:AJ13,"T") -> 0 | AQ13: =COUNTIF(F13:AJ13,"ML") -> 0 | AR13: =COUNTIF(F13:AJ13,"EL") -> 0 | AS13: 1 | AT13: =COUNTIF(F13:AJ13,"SL") -> 0 | AU13: 2 | AV13: =COUNTIF(F13:AJ13,"CL") -> 0 | AW13: 2 | AX13: =AK13+AL13+(AM13+AN13+AO13+AP13+AQ13+AR13+AT13+AV13) -> 15 | AY13: =AX13-AL13-(AM13/2) -> 13
A14: JKT007 | B14: Jincy Mathew | C14: 19th April 1999 | D14: 13th Jan 2025 | E14: =$B$6 -> May | F14: H | G14: L | H14: L | I14: P | J14: P | K14: P | L14: P | M14: P | N14: L | O14: L | P14: P | Q14: P | R14: P | S14: P | T14: P | U14: P | V14: L | W14: P | X14: P | Y14: P | Z14: P | AA14: P | AB14: P | AC14: L | AD14: P | AE14: P | AF14: P | AG14: P | AH14: P | AI14: P | AJ14: L | AK14: =COUNTIF(F14:AJ14,"P") -> 23 | AL14: =COUNTIF(F14:AJ14,"L") -> 7 | AM14: =COUNTIF(F14:AJ14,"HD") -> 0 | AN14: =COUNTIF(F14:AJ14,"NH") -> 0 | AO14: =COUNTIF(F14:AJ14,"FH") -> 0 | AP14: =COUNTIF(F14:AJ14,"T") -> 0 | AQ14: =COUNTIF(F14:AJ14,"ML") -> 0 | AR14: =COUNTIF(F14:AJ14,"EL") -> 0 | AS14: 1 | AT14: =COUNTIF(F14:AJ14,"SL") -> 0 | AU14: 2 | AV14: =COUNTIF(F14:AJ14,"CL") -> 0 | AW14: 2 | AX14: =AK14+AL14+(AM14+AN14+AO14+AP14+AQ14+AR14+AT14+AV14) -> 30 | AY14: =AX14-AL14-(AM14/2) -> 23
A15: JKT008 | B15: Sanjay Jaiswar | C15: 18th Feb 2002 | D15: 16th Jan 2025 | E15: =$B$6 -> May | F15: P | G15: P | H15: P | I15: P | J15: P | K15: P | L15: P | M15: P | N15: P | O15: P | P15: P | Q15: P | R15: P | S15: P | T15: P | U15: P | V15: P | W15: P | X15: P | Y15: P | Z15: P | AA15: P | AB15: P | AC15: P | AD15: P | AE15: P | AF15: P | AG15: P | AH15: P | AI15: P | AJ15: P | AK15: =COUNTIF(F15:AJ15,"P") -> 31 | AL15: =COUNTIF(F15:AJ15,"L") -> 0 | AM15: =COUNTIF(F15:AJ15,"HD") -> 0 | AN15: =COUNTIF(F15:AJ15,"NH") -> 0 | AO15: =COUNTIF(F15:AJ15,"FH") -> 0 | AP15: =COUNTIF(F15:AJ15,"T") -> 0 | AQ15: =COUNTIF(F15:AJ15,"ML") -> 0 | AR15: =COUNTIF(F15:AJ15,"EL") -> 0 | AS15: 1 | AT15: =COUNTIF(F15:AJ15,"SL") -> 0 | AU15: 2 | AV15: =COUNTIF(F15:AJ15,"CL") -> 0 | AW15: 2 | AX15: =AK15+AL15+(AM15+AN15+AO15+AP15+AQ15+AR15+AT15+AV15) -> 31 | AY15: =AX15-AL15-(AM15/2) -> 31
A16: JKT009 | B16: Chauhan Badal | C16: 12th Mar 2002 | D16: 30th Jan 2025 | E16: =$B$6 -> May | F16: P | G16: P | H16: P | I16: P | J16: P | K16: P | L16: P | M16: P | N16: P | O16: P | P16: P | Q16: P | R16: P | S16: P | T16: P | U16: P | V16: P | W16: P | X16: P | Y16: P | Z16: P | AA16: P | AB16: P | AC16: P | AD16: P | AE16: P | AF16: P | AG16: P | AH16: P | AI16: P | AJ16: P | AK16: =COUNTIF(F16:AJ16,"P") -> 31 | AL16: =COUNTIF(F16:AJ16,"L") -> 0 | AM16: =COUNTIF(F16:AJ16,"HD") -> 0 | AN16: =COUNTIF(F16:AJ16,"NH") -> 0 | AO16: =COUNTIF(F16:AJ16,"FH") -> 0 | AP16: =COUNTIF(F16:AJ16,"T") -> 0 | AQ16: =COUNTIF(F16:AJ16,"ML") -> 0 | AR16: =COUNTIF(F16:AJ16,"EL") -> 0 | AS16: 1 | AT16: =COUNTIF(F16:AJ16,"SL") -> 0 | AU16: 2 | AV16: =COUNTIF(F16:AJ16,"CL") -> 0 | AW16: 2 | AX16: =AK16+AL16+(AM16+AN16+AO16+AP16+AQ16+AR16+AT16+AV16) -> 31 | AY16: =AX16-AL16-(AM16/2) -> 31
A17: JKT010 | B17: Vikas Kotiyan | C17: 18th Sept 1999 | D17: 17th Mar 2025 | E17: =$B$6 -> May | F17: H | G17: P | H17: P | I17: P | J17: P | K17: P | L17: P | M17: P | N17: P | O17: P | P17: P | Q17: P | R17: L | S17: L | T17: L | U17: L | V17: L | W17: L | X17: L | Y17: P | Z17: P | AA17: P | AB17: P | AC17: P | AD17: P | AE17: P | AF17: P | AG17: P | AH17: P | AI17: P | AJ17: P | AK17: =COUNTIF(F17:AJ17,"P") -> 23 | AL17: =COUNTIF(F17:AJ17,"L") -> 7 | AM17: =COUNTIF(F17:AJ17,"HD") -> 0 | AN17: =COUNTIF(F17:AJ17,"NH") -> 0 | AO17: =COUNTIF(F17:AJ17,"FH") -> 0 | AP17: =COUNTIF(F17:AJ17,"T") -> 0 | AQ17: =COUNTIF(F17:AJ17,"ML") -> 0 | AR17: =COUNTIF(F17:AJ17,"EL") -> 0 | AS17: 1 | AT17: =COUNTIF(F17:AJ17,"SL") -> 0 | AU17: 2 | AV17: =COUNTIF(F17:AJ17,"CL") -> 0 | AW17: 2 | AX17: =AK17+AL17+(AM17+AN17+AO17+AP17+AQ17+AR17+AT17+AV17) -> 30 | AY17: =AX17-AL17-(AM17/2) -> 23
A18: JKT011 | B18: Pratibha Tiwari | C18: 14th Feb 2004 | D18: 17th Apr 2025 | E18: =$B$6 -> May | F18: P | G18: P | H18: L | I18: L | J18: L | K18: L | L18: L | M18: L | N18: L | O18: L | P18: L | Q18: L | R18: L | S18: L | T18: P | U18: P | V18: P | W18: P | X18: P | Y18: P | Z18: P | AA18: P | AB18: P | AC18: P | AD18: P | AE18: P | AF18: P | AG18: P | AH18: P | AI18: P | AJ18: P | AK18: =COUNTIF(F18:AJ18,"P") -> 19 | AL18: =COUNTIF(F18:AJ18,"L") -> 12 | AM18: =COUNTIF(F18:AJ18,"HD") -> 0 | AN18: =COUNTIF(F18:AJ18,"NH") -> 0 | AO18: =COUNTIF(F18:AJ18,"FH") -> 0 | AP18: =COUNTIF(F18:AJ18,"T") -> 0 | AQ18: =COUNTIF(F18:AJ18,"ML") -> 0 | AR18: =COUNTIF(F18:AJ18,"EL") -> 0 | AS18: 1 | AT18: =COUNTIF(F18:AJ18,"SL") -> 0 | AU18: 2 | AV18: =COUNTIF(F18:AJ18,"CL") -> 0 | AW18: 2 | AX18: =AK18+AL18+(AM18+AN18+AO18+AP18+AQ18+AR18+AT18+AV18) -> 31 | AY18: =AX18-AL18-(AM18/2) -> 19
A19: JKT012 | B19: Anupam Pal | C19: 10th Nov 2001 | D19: 5th May 2025 | E19: May | J19: P | K19: P | L19: P | M19: P | N19: P | O19: P | P19: P | Q19: P | R19: P | S19: P | T19: P | U19: P | V19: P | W19: P | X19: L | Y19: L | Z19: L | AA19: L | AB19: L | AC19: L | AD19: L | AE19: L | AF19: L | AG19: L | AH19: L | AI19: L | AJ19: L | AK19: =COUNTIF(F19:AJ19,"P") -> 14 | AL19: =COUNTIF(F19:AJ19,"L") -> 13 | AM19: =COUNTIF(F19:AJ19,"HD") -> 0 | AN19: =COUNTIF(F19:AJ19,"NH") -> 0 | AO19: =COUNTIF(F19:AJ19,"FH") -> 0 | AP19: =COUNTIF(F19:AJ19,"T") -> 0 | AQ19: =COUNTIF(F19:AJ19,"ML") -> 0 | AR19: =COUNTIF(F19:AJ19,"EL") -> 0 | AS19: 1 | AT19: =COUNTIF(F19:AJ19,"SL") -> 0 | AU19: 2 | AV19: =COUNTIF(F19:AJ19,"CL") -> 0 | AW19: 2 | AX19: =AK19+AL19+(AM19+AN19+AO19+AP19+AQ19+AR19+AT19+AV19) -> 27 | AY19: =AX19-AL19-(AM19/2) -> 14
AK20: =COUNTIF(F20:AJ20,"P") -> 0 | AL20: =COUNTIF(F20:AJ20,"L") -> 0 | AM20: =COUNTIF(F20:AJ20,"HD") -> 0 | AN20: =COUNTIF(F20:AJ20,"NH") -> 0 | AO20: =COUNTIF(F20:AJ20,"FH") -> 0 | AP20: =COUNTIF(F20:AJ20,"T") -> 0 | AQ20: =COUNTIF(F20:AJ20,"ML") -> 0 | AR20: =COUNTIF(F20:AJ20,"EL") -> 0 | AS20: 1 | AT20: =COUNTIF(F20:AJ20,"SL") -> 0 | AU20: 2 | AV20: =COUNTIF(F20:AJ20,"CL") -> 0 | AW20: 2 | AX20: =AK20+AL20+(AM20+AN20+AO20+AP20+AQ20+AR20+AT20+AV20) -> 0 | AY20: =AX20-AL20-(AM20/2) -> 0
AK21: =COUNTIF(F21:AJ21,"P") -> 0 | AL21: =COUNTIF(F21:AJ21,"L") -> 0 | AM21: =COUNTIF(F21:AJ21,"HD") -> 0 | AN21: =COUNTIF(F21:AJ21,"NH") -> 0 | AO21: =COUNTIF(F21:AJ21,"FH") -> 0 | AP21: =COUNTIF(F21:AJ21,"T") -> 0 | AQ21: =COUNTIF(F21:AJ21,"ML") -> 0 | AR21: =COUNTIF(F21:AJ21,"EL") -> 0 | AS21: 1 | AT21: =COUNTIF(F21:AJ21,"SL") -> 0 | AU21: 2 | AV21: =COUNTIF(F21:AJ21,"CL") -> 0 | AW21: 2 | AX21: =AK21+AL21+(AM21+AN21+AO21+AP21+AQ21+AR21+AT21+AV21) -> 0 | AY21: =AX21-AL21-(AM21/2) -> 0
AK22: =COUNTIF(F22:AJ22,"P") -> 0 | AL22: =COUNTIF(F22:AJ22,"L") -> 0 | AM22: =COUNTIF(F22:AJ22,"HD") -> 0 | AN22: =COUNTIF(F22:AJ22,"NH") -> 0 | AO22: =COUNTIF(F22:AJ22,"FH") -> 0 | AP22: =COUNTIF(F22:AJ22,"T") -> 0 | AQ22: =COUNTIF(F22:AJ22,"ML") -> 0 | AR22: =COUNTIF(F22:AJ22,"EL") -> 0 | AS22: 1 | AT22: =COUNTIF(F22:AJ22,"SL") -> 0 | AU22: 2 | AV22: =COUNTIF(F22:AJ22,"CL") -> 0 | AW22: 2 | AX22: =AK22+AL22+(AM22+AN22+AO22+AP22+AQ22+AR22+AT22+AV22) -> 0 | AY22: =AX22-AL22-(AM22/2) -> 0
AK23: =COUNTIF(F23:AJ23,"P") -> 0 | AL23: =COUNTIF(F23:AJ23,"L") -> 0 | AM23: =COUNTIF(F23:AJ23,"HD") -> 0 | AN23: =COUNTIF(F23:AJ23,"NH") -> 0 | AO23: =COUNTIF(F23:AJ23,"FH") -> 0 | AP23: =COUNTIF(F23:AJ23,"T") -> 0 | AQ23: =COUNTIF(F23:AJ23,"ML") -> 0 | AR23: =COUNTIF(F23:AJ23,"EL") -> 0 | AS23: 1 | AT23: =COUNTIF(F23:AJ23,"SL") -> 0 | AU23: 2 | AV23: =COUNTIF(F23:AJ23,"CL") -> 0 | AW23: 2 | AX23: =AK23+AL23+(AM23+AN23+AO23+AP23+AQ23+AR23+AT23+AV23) -> 0 | AY23: =AX23-AL23-(AM23/2) -> 0
AK24: =COUNTIF(F24:AJ24,"P") -> 0 | AL24: =COUNTIF(F24:AJ24,"L") -> 0 | AM24: =COUNTIF(F24:AJ24,"HD") -> 0 | AN24: =COUNTIF(F24:AJ24,"NH") -> 0 | AO24: =COUNTIF(F24:AJ24,"FH") -> 0 | AP24: =COUNTIF(F24:AJ24,"T") -> 0 | AQ24: =COUNTIF(F24:AJ24,"ML") -> 0 | AR24: =COUNTIF(F24:AJ24,"EL") -> 0 | AS24: 1 | AT24: =COUNTIF(F24:AJ24,"SL") -> 0 | AU24: 2 | AV24: =COUNTIF(F24:AJ24,"CL") -> 0 | AW24: 2 | AX24: =AK24+AL24+(AM24+AN24+AO24+AP24+AQ24+AR24+AT24+AV24) -> 0 | AY24: =AX24-AL24-(AM24/2) -> 0
AK25: =COUNTIF(F25:AJ25,"P") -> 0 | AL25: =COUNTIF(F25:AJ25,"L") -> 0 | AM25: =COUNTIF(F25:AJ25,"HD") -> 0 | AN25: =COUNTIF(F25:AJ25,"NH") -> 0 | AO25: =COUNTIF(F25:AJ25,"FH") -> 0 | AP25: =COUNTIF(F25:AJ25,"T") -> 0 | AQ25: =COUNTIF(F25:AJ25,"ML") -> 0 | AR25: =COUNTIF(F25:AJ25,"EL") -> 0 | AS25: 1 | AT25: =COUNTIF(F25:AJ25,"SL") -> 0 | AU25: 2 | AV25: =COUNTIF(F25:AJ25,"CL") -> 0 | AW25: 2 | AX25: =AK25+AL25+(AM25+AN25+AO25+AP25+AQ25+AR25+AT25+AV25) -> 0 | AY25: =AX25-AL25-(AM25/2) -> 0
AK26: =COUNTIF(F26:AJ26,"P") -> 0 | AL26: =COUNTIF(F26:AJ26,"L") -> 0 | AM26: =COUNTIF(F26:AJ26,"HD") -> 0 | AN26: =COUNTIF(F26:AJ26,"NH") -> 0 | AO26: =COUNTIF(F26:AJ26,"FH") -> 0 | AP26: =COUNTIF(F26:AJ26,"T") -> 0 | AQ26: =COUNTIF(F26:AJ26,"ML") -> 0 | AR26: =COUNTIF(F26:AJ26,"EL") -> 0 | AS26: 1 | AT26: =COUNTIF(F26:AJ26,"SL") -> 0 | AU26: 2 | AV26: =COUNTIF(F26:AJ26,"CL") -> 0 | AW26: 2 | AX26: =AK26+AL26+(AM26+AN26+AO26+AP26+AQ26+AR26+AT26+AV26) -> 0 | AY26: =AX26-AL26-(AM26/2) -> 0
AK27: =COUNTIF(F27:AJ27,"P") -> 0 | AL27: =COUNTIF(F27:AJ27,"L") -> 0 | AM27: =COUNTIF(F27:AJ27,"HD") -> 0 | AN27: =COUNTIF(F27:AJ27,"NH") -> 0 | AO27: =COUNTIF(F27:AJ27,"FH") -> 0 | AP27: =COUNTIF(F27:AJ27,"T") -> 0 | AQ27: =COUNTIF(F27:AJ27,"ML") -> 0 | AR27: =COUNTIF(F27:AJ27,"EL") -> 0 | AS27: 1 | AT27: =COUNTIF(F27:AJ27,"SL") -> 0 | AU27: 2 | AV27: =COUNTIF(F27:AJ27,"CL") -> 0 | AW27: 2 | AX27: =AK27+AL27+(AM27+AN27+AO27+AP27+AQ27+AR27+AT27+AV27) -> 0 | AY27: =AX27-AL27-(AM27/2) -> 0
AK28: =COUNTIF(F28:AJ28,"P") -> 0 | AL28: =COUNTIF(F28:AJ28,"L") -> 0 | AM28: =COUNTIF(F28:AJ28,"HD") -> 0 | AN28: =COUNTIF(F28:AJ28,"NH") -> 0 | AO28: =COUNTIF(F28:AJ28,"FH") -> 0 | AP28: =COUNTIF(F28:AJ28,"T") -> 0 | AQ28: =COUNTIF(F28:AJ28,"ML") -> 0 | AR28: =COUNTIF(F28:AJ28,"EL") -> 0 | AS28: 1 | AT28: =COUNTIF(F28:AJ28,"SL") -> 0 | AU28: 2 | AV28: =COUNTIF(F28:AJ28,"CL") -> 0 | AW28: 2 | AX28: =AK28+AL28+(AM28+AN28+AO28+AP28+AQ28+AR28+AT28+AV28) -> 0 | AY28: =AX28-AL28-(AM28/2) -> 0
AK29: =COUNTIF(F29:AJ29,"P") -> 0 | AL29: =COUNTIF(F29:AJ29,"L") -> 0 | AM29: =COUNTIF(F29:AJ29,"HD") -> 0 | AN29: =COUNTIF(F29:AJ29,"NH") -> 0 | AO29: =COUNTIF(F29:AJ29,"FH") -> 0 | AP29: =COUNTIF(F29:AJ29,"T") -> 0 | AQ29: =COUNTIF(F29:AJ29,"ML") -> 0 | AR29: =COUNTIF(F29:AJ29,"EL") -> 0 | AS29: 1 | AT29: =COUNTIF(F29:AJ29,"SL") -> 0 | AU29: 2 | AV29: =COUNTIF(F29:AJ29,"CL") -> 0 | AW29: 2 | AX29: =AK29+AL29+(AM29+AN29+AO29+AP29+AQ29+AR29+AT29+AV29) -> 0 | AY29: =AX29-AL29-(AM29/2) -> 0
AK30: =COUNTIF(F30:AJ30,"P") -> 0 | AL30: =COUNTIF(F30:AJ30,"L") -> 0 | AM30: =COUNTIF(F30:AJ30,"HD") -> 0 | AN30: =COUNTIF(F30:AJ30,"NH") -> 0 | AO30: =COUNTIF(F30:AJ30,"FH") -> 0 | AP30: =COUNTIF(F30:AJ30,"T") -> 0 | AQ30: =COUNTIF(F30:AJ30,"ML") -> 0 | AR30: =COUNTIF(F30:AJ30,"EL") -> 0 | AS30: 1 | AT30: =COUNTIF(F30:AJ30,"SL") -> 0 | AU30: 2 | AV30: =COUNTIF(F30:AJ30,"CL") -> 0 | AW30: 2 | AX30: =AK30+AL30+(AM30+AN30+AO30+AP30+AQ30+AR30+AT30+AV30) -> 0 | AY30: =AX30-AL30-(AM30/2) -> 0
AK31: =COUNTIF(F31:AJ31,"P") -> 0 | AL31: =COUNTIF(F31:AJ31,"L") -> 0 | AM31: =COUNTIF(F31:AJ31,"HD") -> 0 | AN31: =COUNTIF(F31:AJ31,"NH") -> 0 | AO31: =COUNTIF(F31:AJ31,"FH") -> 0 | AP31: =COUNTIF(F31:AJ31,"T") -> 0 | AQ31: =COUNTIF(F31:AJ31,"ML") -> 0 | AR31: =COUNTIF(F31:AJ31,"EL") -> 0 | AS31: 1 | AT31: =COUNTIF(F31:AJ31,"SL") -> 0 | AU31: 2 | AV31: =COUNTIF(F31:AJ31,"CL") -> 0 | AW31: 2 | AX31: =AK31+AL31+(AM31+AN31+AO31+AP31+AQ31+AR31+AT31+AV31) -> 0 | AY31: =AX31-AL31-(AM31/2) -> 0
... AK62: =COUNTIF(F62:AJ62,"P") -> 0 | AL62: =COUNTIF(F62:AJ62,"L") -> 0 | AM62: =COUNTIF(F62:AJ62,"HD") -> 0 | AN62: =COUNTIF(F62:AJ62,"NH") -> 0 | AO62: =COUNTIF(F62:AJ62,"FH") -> 0 | AP62: =COUNTIF(F62:AJ62,"T") -> 0 | AQ62: =COUNTIF(F62:AJ62,"ML") -> 0 | AR62: =COUNTIF(F62:AJ62,"EL") -> 0 | AS62: 1 | AT62: =COUNTIF(F62:AJ62,"SL") -> 0 | AU62: 2 | AV62: =COUNTIF(F62:AJ62,"CL") -> 0 | AW62: 2 | AX62: =AK62+AL62+(AM62+AN62+AO62+AP62+AQ62+AR62+AT62+AV62) -> 0 | AY62: =AX62-AL62-(AM62/2) -> 0
A64: Daily Attendance | F64: =COUNTIF(F13:F62,"P") -> 3 | G64: =COUNTIF(G13:G62,"P") -> 4 | H64: =COUNTIF(H13:H62,"P") -> 4 | I64: =COUNTIF(I13:I62,"P") -> 5 | J64: =COUNTIF(J13:J62,"P") -> 6 | K64: =COUNTIF(K13:K62,"P") -> 6 | L64: =COUNTIF(L13:L62,"P") -> 6 | M64: =COUNTIF(M13:M62,"P") -> 6 | ... AJ64: =COUNTIF(AJ13:AJ62,"P") -> 4

Sheet June '25
E1: JAIKALKI TECHNOLOGY PVT. LTD.
E2: Employee Attendance Sheet
B3: =HLOOKUP(B6,$E$3:$O$4,2,0) -> 6 | E3: January | F3: February | G3: March | H3: April | I3: May | J3: June | K3: July | L3: August | M3: September | N3: October | O3: Novemeber | P3: December
E4: 1 | F4: 2 | G4: 3 | H4: 4 | I4: 5 | J4: 6 | K4: 7 | L4: 8 | M4: 9 | N4: 10 | O4: 11 | P4: 12
A5: Year | B5: 2025 | C5: D O B | D5: D O J | E5: Date | F5: 1 | G5: 2 | H5: 3 | I5: 4 | J5: 5 | K5: 6 | L5: 7 | M5: 8 | N5: 9 | O5: 10 | P5: 11 | Q5: 12 | R5: 13 | S5: 14 | T5: 15 | U5: 16 | V5: 17 | W5: 18 | X5: 19 | Y5: 20 | Z5: 21 | AA5: 22 | AB5: 23 | AC5: 24 | AD5: 25 | AE5: 26 | AF5: 27 | AG5: 28 | AH5: 29 | AI5: 30 | AJ5: 31 | AK5: Monthly Attendance Summary
A6: Month | B6: June | E6: Type of Day | F6: =IF(F7="Sun","H","W") -> H | G6: =IF(G7="Sun","H","W") -> W | H6: =IF(H7="Sun","H","W") -> W | I6: =IF(I7="Sun","H","W") -> W | J6: =IF(J7="Sun","H","W") -> W | K6: =IF(K7="Sun","H","W") -> W | L6: =IF(L7="Sun","H","W") -> W | M6: =IF(M7="Sun","H","W") -> H | ... AJ6: =IF(AJ7="Sun","H","W") -> W
A7: Emp. ID | B7: Employee Name | E7: Month | F7: =IFERROR(TEXT(DATE($B$5,$B$3,F$5),"ddd"),"") -> Sun | G7: =IFERROR(TEXT(DATE($B$5,$B$3,G$5),"ddd"),"") -> Mon | H7: =IFERROR(TEXT(DATE($B$5,$B$3,H$5),"ddd"),"") -> Tue | I7: =IFERROR(TEXT(DATE($B$5,$B$3,I$5),"ddd"),"") -> Wed | J7: =IFERROR(TEXT(DATE($B$5,$B$3,J$5),"ddd"),"") -> Thu | K7: =IFERROR(TEXT(DATE($B$5,$B$3,K$5),"ddd"),"") -> Fri | L7: =IFERROR(TEXT(DATE($B$5,$B$3,L$5),"ddd"),"") -> Sat | M7: =IFERROR(TEXT(DATE($B$5,$B$3,M$5),"ddd"),"") -> Sun | ... AJ7: =IFERROR(TEXT(DATE($B$5,$B$3,AJ$5),"ddd"),"") -> Tue | AK7: P | AL7: L | AM7: HD | AN7: NH | AO7: FH | AP7: T | AQ7: ML | AR7: EL | AS7: EL AL | AT7: SL | AU7: SL AL | AV7: CL | AW7: CL AL | AX7: Working Days | AY7: Days Payable
A8: JKT001 | B8: Shyamveer Singh | C8: 11th Sept 1991 | D8: 14th Sept 2024 | E8: =$B$6 -> June | F8: P | G8: P | H8: P | I8: P | J8: P | K8: P | L8: P | M8: P | N8: P | O8: P | P8: P | Q8: P | R8: P | S8: P | T8: P | U8: P | V8: P | W8: P | X8: P | Y8: P | Z8: P | AA8: P | AB8: P | AC8: P | AD8: P | AE8: P | AF8: P | AG8: P | AH8: P | AI8: P | AJ8: P | AK8: =COUNTIF(F8:AJ8,"P") -> 31 | AL8: =COUNTIF(F8:AJ8,"L") -> 0 | AM8: =COUNTIF(F8:AJ8,"HD") -> 0 | AN8: =COUNTIF(F8:AJ8,"NH") -> 0 | AO8: =COUNTIF(F8:AJ8,"FH") -> 0 | AP8: =COUNTIF(F8:AJ8,"T") -> 0 | AQ8: =COUNTIF(F8:AJ8,"ML") -> 0 | AR8: =COUNTIF(F8:AJ8,"EL") -> 0 | AS8: 1 | AT8: =COUNTIF(O8:AS8,"SL") -> 0 | AU8: 2 | AV8: =COUNTIF(F8:AJ8,"CL") -> 0 | AW8: 2 | AX8: =AK8+AL8+(AM8+AN8+AO8+AP8+AQ8+AR8+AT8+AV8) -> 31 | AY8: =AX8-AL8-(AM8/2) -> 31
A9: JKT002 | B9: Rohitkumar Kannojiya | C9: 10th May 2001 | D9: 14th Sept 2024 | E9: =$B$6 -> June | F9: P | G9: P | H9: P | I9: P | J9: P | K9: P | L9: P | M9: P | N9: P | O9: P | P9: P | Q9: P | R9: P | S9: P | T9: P | U9: P | V9: P | W9: P | X9: P | Y9: P | Z9: P | AA9: P | AB9: P | AC9: P | AD9: P | AE9: P | AF9: P | AG9: P | AH9: P | AI9: P | AJ9: P | AK9: =COUNTIF(F9:AJ9,"P") -> 31 | AL9: =COUNTIF(F9:AJ9,"L") -> 0 | AM9: =COUNTIF(F9:AJ9,"HD") -> 0 | AN9: =COUNTIF(F9:AJ9,"NH") -> 0 | AO9: =COUNTIF(F9:AJ9,"FH") -> 0 | AP9: =COUNTIF(F9:AJ9,"T") -> 0 | AQ9: =COUNTIF(F9:AJ9,"ML") -> 0 | AR9: =COUNTIF(F9:AJ9,"EL") -> 0 | AS9: 1 | AT9: =COUNTIF(O9:AS9,"SL") -> 0 | AU9: 2 | AV9: =COUNTIF(F9:AJ9,"CL") -> 0 | AW9: 2 | AX9: =AK9+AL9+(AM9+AN9+AO9+AP9+AQ9+AR9+AT9+AV9) -> 31 | AY9: =AX9-AL9-(AM9/2) -> 31
A10: JKT003 | B10: Krunal Trivedi | C10: 29th May 1987 | D10: 14th Sept 2024 | E10: =$B$6 -> June | F10: P | G10: P | H10: P | I10: P | J10: P | K10: P | L10: P | M10: P | N10: P | O10: P | P10: P | Q10: P | R10: P | S10: P | T10: P | U10: P | V10: P | W10: P | X10: P | Y10: P | Z10: P | AA10: P | AB10: P | AC10: P | AD10: P | AE10: P | AF10: P | AG10: P | AH10: P | AI10: P | AJ10: P | AK10: =COUNTIF(F10:AJ10,"P") -> 31 | AL10: =COUNTIF(F10:AJ10,"L") -> 0 | AM10: =COUNTIF(F10:AJ10,"HD") -> 0 | AN10: =COUNTIF(F10:AJ10,"NH") -> 0 | AO10: =COUNTIF(F10:AJ10,"FH") -> 0 | AP10: =COUNTIF(F10:AJ10,"T") -> 0 | AQ10: =COUNTIF(F10:AJ10,"ML") -> 0 | AR10: =COUNTIF(F10:AJ10,"EL") -> 0 | AS10: 1 | AT10: =COUNTIF(O10:AS10,"SL") -> 0 | AU10: 2 | AV10: =COUNTIF(F10:AJ10,"CL") -> 0 | AW10: 2 | AX10: =AK10+AL10+(AM10+AN10+AO10+AP10+AQ10+AR10+AT10+AV10) -> 31 | AY10: =AX10-AL10-(AM10/2) -> 31
A11: JKT004 | B11: Ranjeetkumar Yadav | C11: 27th Mar 1987 | D11: 14th Sept 2024 | E11: =$B$6 -> June | F11: P | G11: P | H11: P | I11: P | J11: P | K11: P | L11: P | M11: P | N11: P | O11: P | P11: P | Q11: P | R11: P | S11: P | T11: P | U11: P | V11: P | W11: P | X11: P | Y11: P | Z11: P | AA11: P | AB11: P | AC11: P | AD11: P | AE11: P | AF11: P | AG11: P | AH11: P | AI11: P | AJ11: P | AK11: =COUNTIF(F11:AJ11,"P") -> 31 | AL11: =COUNTIF(F11:AJ11,"L") -> 0 | AM11: =COUNTIF(F11:AJ11,"HD") -> 0 | AN11: =COUNTIF(F11:AJ11,"NH") -> 0 | AO11: =COUNTIF(F11:AJ11,"FH") -> 0 | AP11: =COUNTIF(F11:AJ11,"T") -> 0 | AQ11: =COUNTIF(F11:AJ11,"ML") -> 0 | AR11: =COUNTIF(F11:AJ11,"EL") -> 0 | AS11: 1 | AT11: =COUNTIF(O11:AS11,"SL") -> 0 | AU11: 2 | AV11: =COUNTIF(F11:AJ11,"CL") -> 0 | AW11: 2 | AX11: =AK11+AL11+(AM11+AN11+AO11+AP11+AQ11+AR11+AT11+AV11) -> 31 | AY11: =AX11-AL11-(AM11/2) -> 31
A12: JKT005 | B12: Santosh Vishwakarma | C12: 4th Jul 1998 | D12: 14th Sept 2024 | E12: =$B$6 -> June | F12: P | G12: P | H12: P | I12: P | J12: P | K12: P | L12: P | M12: P | N12: P | O12: P | P12: P | Q12: P | R12: P | S12: P | T12: P | U12: P | V12: P | W12: P | X12: P | Y12: P | Z12: P | AA12: P | AB12: P | AC12: P | AD12: P | AE12: P | AF12: P | AG12: P | AH12: P | AI12: P | AJ12: P | AK12: =COUNTIF(F12:AJ12,"P") -> 31 | AL12: =COUNTIF(F12:AJ12,"L") -> 0 | AM12: =COUNTIF(F12:AJ12,"HD") -> 0 | AN12: =COUNTIF(F12:AJ12,"NH") -> 0 | AO12: =COUNTIF(F12:AJ12,"FH") -> 0 | AP12: =COUNTIF(F12:AJ12,"T") -> 0 | AQ12: =COUNTIF(F12:AJ12,"ML") -> 0 | AR12: =COUNTIF(F12:AJ12,"EL") -> 0 | AS12: 1 | AT12: =COUNTIF(O12:AS12,"SL") -> 0 | AU12: 2 | AV12: =COUNTIF(F12:AJ12,"CL") -> 0 | AW12: 2 | AX12: =AK12+AL12+(AM12+AN12+AO12+AP12+AQ12+AR12+AT12+AV12) -> 31 | AY12: =AX12-AL12-(AM12/2) -> 31
A13: JKT006 | B13: Deepak Borana | C13: 23rd June 2000 | D13: 6th Jan 2025 | E13: =$B$6 -> June | AK13: =COUNTIF(F13:AJ13,"P") -> 0 | AL13: =COUNTIF(F13:AJ13,"L") -> 0 | AM13: =COUNTIF(F13:AJ13,"HD") -> 0 | AN13: =COUNTIF(F13:AJ13,"NH") -> 0 | AO13: =COUNTIF(F13:AJ13,"FH") -> 0 | AP13: =COUNTIF(F13:AJ13,"T") -> 0 | AQ13: =COUNTIF(F13:AJ13,"ML") -> 0 | AR13: =COUNTIF(F13:AJ13,"EL") -> 0 | AS13: 1 | AT13: =COUNTIF(F13:AJ13,"SL") -> 0 | AU13: 2 | AV13: =COUNTIF(F13:AJ13,"CL") -> 0 | AW13: 2 | AX13: =AK13+AL13+(AM13+AN13+AO13+AP13+AQ13+AR13+AT13+AV13) -> 0 | AY13: =AX13-AL13-(AM13/2) -> 0
A14: JKT007 | B14: Jincy Mathew | C14: 19th April 1999 | D14: 13th Jan 2025 | E14: =$B$6 -> June | F14: P | G14: P | H14: P | I14: P | J14: P | K14: P | L14: L | M14: P | N14: P | O14: P | P14: P | Q14: P | R14: P | S14: L | T14: P | U14: P | V14: P | W14: P | X14: P | Y14: P | Z14: L | AA14: P | AB14: P | AC14: P | AD14: P | AE14: P | AF14: P | AG14: L | AH14: P | AI14: P | AK14: =COUNTIF(F14:AJ14,"P") -> 26 | AL14: =COUNTIF(F14:AJ14,"L") -> 4 | AM14: =COUNTIF(F14:AJ14,"HD") -> 0 | AN14: =COUNTIF(F14:AJ14,"NH") -> 0 | AO14: =COUNTIF(F14:AJ14,"FH") -> 0 | AP14: =COUNTIF(F14:AJ14,"T") -> 0 | AQ14: =COUNTIF(F14:AJ14,"ML") -> 0 | AR14: =COUNTIF(F14:AJ14,"EL") -> 0 | AS14: 1 | AT14: =COUNTIF(F14:AJ14,"SL") -> 0 | AU14: 2 | AV14: =COUNTIF(F14:AJ14,"CL") -> 0 | AW14: 2 | AX14: =AK14+AL14+(AM14+AN14+AO14+AP14+AQ14+AR14+AT14+AV14) -> 30 | AY14: =AX14-AL14-(AM14/2) -> 26
A15: JKT008 | B15: Sanjay Jaiswar | C15: 18th Feb 2002 | D15: 16th Jan 2025 | E15: =$B$6 -> June | F15: P | G15: P | H15: P | I15: P | J15: P | K15: P | L15: P | M15: P | N15: P | O15: P | P15: P | Q15: P | R15: P | S15: P | T15: P | U15: P | V15: P | W15: P | X15: P | Y15: P | Z15: P | AA15: P | AB15: P | AC15: P | AD15: P | AE15: P | AF15: P | AG15: P | AH15: P | AI15: P | AK15: =COUNTIF(F15:AJ15,"P") -> 30 | AL15: =COUNTIF(F15:AJ15,"L") -> 0 | AM15: =COUNTIF(F15:AJ15,"HD") -> 0 | AN15: =COUNTIF(F15:AJ15,"NH") -> 0 | AO15: =COUNTIF(F15:AJ15,"FH") -> 0 | AP15: =COUNTIF(F15:AJ15,"T") -> 0 | AQ15: =COUNTIF(F15:AJ15,"ML") -> 0 | AR15: =COUNTIF(F15:AJ15,"EL") -> 0 | AS15: 1 | AT15: =COUNTIF(F15:AJ15,"SL") -> 0 | AU15: 2 | AV15: =COUNTIF(F15:AJ15,"CL") -> 0 | AW15: 2 | AX15: =AK15+AL15+(AM15+AN15+AO15+AP15+AQ15+AR15+AT15+AV15) -> 30 | AY15: =AX15-AL15-(AM15/2) -> 30
A16: JKT009 | B16: Chauhan Badal | C16: 12th Mar 2002 | D16: 30th Jan 2025 | E16: =$B$6 -> June | F16: P | G16: L | H16: P | I16: P | J16: P | K16: P | L16: P | M16: P | N16: P | O16: P | P16: P | Q16: P | R16: P | S16: P | T16: P | U16: P | V16: P | W16: L | X16: P | Y16: P | Z16: P | AA16: P | AB16: P | AC16: P | AD16: P | AE16: P | AF16: P | AG16: P | AH16: P | AI16: P | AK16: =COUNTIF(F16:AJ16,"P") -> 28 | AL16: =COUNTIF(F16:AJ16,"L") -> 2 | AM16: =COUNTIF(F16:AJ16,"HD") -> 0 | AN16: =COUNTIF(F16:AJ16,"NH") -> 0 | AO16: =COUNTIF(F16:AJ16,"FH") -> 0 | AP16: =COUNTIF(F16:AJ16,"T") -> 0 | AQ16: =COUNTIF(F16:AJ16,"ML") -> 0 | AR16: =COUNTIF(F16:AJ16,"EL") -> 0 | AS16: 1 | AT16: =COUNTIF(F16:AJ16,"SL") -> 0 | AU16: 2 | AV16: =COUNTIF(F16:AJ16,"CL") -> 0 | AW16: 2 | AX16: =AK16+AL16+(AM16+AN16+AO16+AP16+AQ16+AR16+AT16+AV16) -> 30 | AY16: =AX16-AL16-(AM16/2) -> 28
A17: JKT010 | B17: Vikas Kotiyan | C17: 18th Sept 1999 | D17: 17th Mar 2025 | E17: =$B$6 -> June | F17: P | G17: P | H17: P | I17: P | J17: P | K17: P | L17: P | M17: P | N17: P | O17: P | P17: P | Q17: P | R17: P | S17: P | T17: P | U17: P | V17: P | W17: P | X17: P | Y17: P | Z17: P | AA17: P | AB17: P | AC17: P | AD17: P | AE17: P | AF17: P | AG17: P | AH17: P | AI17: P | AK17: =COUNTIF(F17:AJ17,"P") -> 30 | AL17: =COUNTIF(F17:AJ17,"L") -> 0 | AM17: =COUNTIF(F17:AJ17,"HD") -> 0 | AN17: =COUNTIF(F17:AJ17,"NH") -> 0 | AO17: =COUNTIF(F17:AJ17,"FH") -> 0 | AP17: =COUNTIF(F17:AJ17,"T") -> 0 | AQ17: =COUNTIF(F17:AJ17,"ML") -> 0 | AR17: =COUNTIF(F17:AJ17,"EL") -> 0 | AS17: 1 | AT17: =COUNTIF(F17:AJ17,"SL") -> 0 | AU17: 2 | AV17: =COUNTIF(F17:AJ17,"CL") -> 0 | AW17: 2 | AX17: =AK17+AL17+(AM17+AN17+AO17+AP17+AQ17+AR17+AT17+AV17) -> 30 | AY17: =AX17-AL17-(AM17/2) -> 30
A18: JKT011 | B18: Pratibha Tiwari | C18: 14th Feb 2004 | D18: 17th Apr 2025 | E18: =$B$6 -> June | AK18: =COUNTIF(F18:AJ18,"P") -> 0 | AL18: =COUNTIF(F18:AJ18,"L") -> 0 | AM18: =COUNTIF(F18:AJ18,"HD") -> 0 | AN18: =COUNTIF(F18:AJ18,"NH") -> 0 | AO18: =COUNTIF(F18:AJ18,"FH") -> 0 | AP18: =COUNTIF(F18:AJ18,"T") -> 0 | AQ18: =COUNTIF(F18:AJ18,"ML") -> 0 | AR18: =COUNTIF(F18:AJ18,"EL") -> 0 | AS18: 1 | AT18: =COUNTIF(F18:AJ18,"SL") -> 0 | AU18: 2 | AV18: =COUNTIF(F18:AJ18,"CL") -> 0 | AW18: 2 | AX18: =AK18+AL18+(AM18+AN18+AO18+AP18+AQ18+AR18+AT18+AV18) -> 0 | AY18: =AX18-AL18-(AM18/2) -> 0
A19: JKT012 | B19: Anupam Pal | C19: 10th Nov 2001 | D19: 5th May 2025 | E19: =$B$6 -> June | F19: L | G19: L | H19: L | I19: L | J19: L | K19: L | L19: L | M19: L | N19: L | O19: L | P19: L | Q19: L | R19: L | S19: L | T19: L | U19: L | V19: L | W19: L | AK19: =COUNTIF(F19:AJ19,"P") -> 0 | AL19: =COUNTIF(F19:AJ19,"L") -> 18 | AM19: =COUNTIF(F19:AJ19,"HD") -> 0 | AN19: =COUNTIF(F19:AJ19,"NH") -> 0 | AO19: =COUNTIF(F19:AJ19,"FH") -> 0 | AP19: =COUNTIF(F19:AJ19,"T") -> 0 | AQ19: =COUNTIF(F19:AJ19,"ML") -> 0 | AR19: =COUNTIF(F19:AJ19,"EL") -> 0 | AS19: 1 | AT19: =COUNTIF(F19:AJ19,"SL") -> 0 | AU19: 2 | AV19: =COUNTIF(F19:AJ19,"CL") -> 0 | AW19: 2 | AX19: =AK19+AL19+(AM19+AN19+AO19+AP19+AQ19+AR19+AT19+AV19) -> 18 | AY19: =AX19-AL19-(AM19/2) -> 0
AK20: =COUNTIF(F20:AJ20,"P") -> 0 | AL20: =COUNTIF(F20:AJ20,"L") -> 0 | AM20: =COUNTIF(F20:AJ20,"HD") -> 0 | AN20: =COUNTIF(F20:AJ20,"NH") -> 0 | AO20: =COUNTIF(F20:AJ20,"FH") -> 0 | AP20: =COUNTIF(F20:AJ20,"T") -> 0 | AQ20: =COUNTIF(F20:AJ20,"ML") -> 0 | AR20: =COUNTIF(F20:AJ20,"EL") -> 0 | AS20: 1 | AT20: =COUNTIF(F20:AJ20,"SL") -> 0 | AU20: 2 | AV20: =COUNTIF(F20:AJ20,"CL") -> 0 | AW20: 2 | AX20: =AK20+AL20+(AM20+AN20+AO20+AP20+AQ20+AR20+AT20+AV20) -> 0 | AY20: =AX20-AL20-(AM20/2) -> 0
AK21: =COUNTIF(F21:AJ21,"P") -> 0 | AL21: =COUNTIF(F21:AJ21,"L") -> 0 | AM21: =COUNTIF(F21:AJ21,"HD") -> 0 | AN21: =COUNTIF(F21:AJ21,"NH") -> 0 | AO21: =COUNTIF(F21:AJ21,"FH") -> 0 | AP21: =COUNTIF(F21:AJ21,"T") -> 0 | AQ21: =COUNTIF(F21:AJ21,"ML") -> 0 | AR21: =COUNTIF(F21:AJ21,"EL") -> 0 | AS21: 1 | AT21: =COUNTIF(F21:AJ21,"SL") -> 0 | AU21: 2 | AV21: =COUNTIF(F21:AJ21,"CL") -> 0 | AW21: 2 | AX21: =AK21+AL21+(AM21+AN21+AO21+AP21+AQ21+AR21+AT21+AV21) -> 0 | AY21: =AX21-AL21-(AM21/2) -> 0
AK22: =COUNTIF(F22:AJ22,"P") -> 0 | AL22: =COUNTIF(F22:AJ22,"L") -> 0 | AM22: =COUNTIF(F22:AJ22,"HD") -> 0 | AN22: =COUNTIF(F22:AJ22,"NH") -> 0 | AO22: =COUNTIF(F22:AJ22,"FH") -> 0 | AP22: =COUNTIF(F22:AJ22,"T") -> 0 | AQ22: =COUNTIF(F22:AJ22,"ML") -> 0 | AR22: =COUNTIF(F22:AJ22,"EL") -> 0 | AS22: 1 | AT22: =COUNTIF(F22:AJ22,"SL") -> 0 | AU22: 2 | AV22: =COUNTIF(F22:AJ22,"CL") -> 0 | AW22: 2 | AX22: =AK22+AL22+(AM22+AN22+AO22+AP22+AQ22+AR22+AT22+AV22) -> 0 | AY22: =AX22-AL22-(AM22/2) -> 0
AK23: =COUNTIF(F23:AJ23,"P") -> 0 | AL23: =COUNTIF(F23:AJ23,"L") -> 0 | AM23: =COUNTIF(F23:AJ23,"HD") -> 0 | AN23: =COUNTIF(F23:AJ23,"NH") -> 0 | AO23: =COUNTIF(F23:AJ23,"FH") -> 0 | AP23: =COUNTIF(F23:AJ23,"T") -> 0 | AQ23: =COUNTIF(F23:AJ23,"ML") -> 0 | AR23: =COUNTIF(F23:AJ23,"EL") -> 0 | AS23: 1 | AT23: =COUNTIF(F23:AJ23,"SL") -> 0 | AU23: 2 | AV23: =COUNTIF(F23:AJ23,"CL") -> 0 | AW23: 2 | AX23: =AK23+AL23+(AM23+AN23+AO23+AP23+AQ23+AR23+AT23+AV23) -> 0 | AY23: =AX23-AL23-(AM23/2) -> 0
AK24: =COUNTIF(F24:AJ24,"P") -> 0 | AL24: =COUNTIF(F24:AJ24,"L") -> 0 | AM24: =COUNTIF(F24:AJ24,"HD") -> 0 | AN24: =COUNTIF(F24:AJ24,"NH") -> 0 | AO24: =COUNTIF(F24:AJ24,"FH") -> 0 | AP24: =COUNTIF(F24:AJ24,"T") -> 0 | AQ24: =COUNTIF(F24:AJ24,"ML") -> 0 | AR24: =COUNTIF(F24:AJ24,"EL") -> 0 | AS24: 1 | AT24: =COUNTIF(F24:AJ24,"SL") -> 0 | AU24: 2 | AV24: =COUNTIF(F24:AJ24,"CL") -> 0 | AW24: 2 | AX24: =AK24+AL24+(AM24+AN24+AO24+AP24+AQ24+AR24+AT24+AV24) -> 0 | AY24: =AX24-AL24-(AM24/2) -> 0
AK25: =COUNTIF(F25:AJ25,"P") -> 0 | AL25: =COUNTIF(F25:AJ25,"L") -> 0 | AM25: =COUNTIF(F25:AJ25,"HD") -> 0 | AN25: =COUNTIF(F25:AJ25,"NH") -> 0 | AO25: =COUNTIF(F25:AJ25,"FH") -> 0 | AP25: =COUNTIF(F25:AJ25,"T") -> 0 | AQ25: =COUNTIF(F25:AJ25,"ML") -> 0 | AR25: =COUNTIF(F25:AJ25,"EL") -> 0 | AS25: 1 | AT25: =COUNTIF(F25:AJ25,"SL") -> 0 | AU25: 2 | AV25: =COUNTIF(F25:AJ25,"CL") -> 0 | AW25: 2 | AX25: =AK25+AL25+(AM25+AN25+AO25+AP25+AQ25+AR25+AT25+AV25) -> 0 | AY25: =AX25-AL25-(AM25/2) -> 0
AK26: =COUNTIF(F26:AJ26,"P") -> 0 | AL26: =COUNTIF(F26:AJ26,"L") -> 0 | AM26: =COUNTIF(F26:AJ26,"HD") -> 0 | AN26: =COUNTIF(F26:AJ26,"NH") -> 0 | AO26: =COUNTIF(F26:AJ26,"FH") -> 0 | AP26: =COUNTIF(F26:AJ26,"T") -> 0 | AQ26: =COUNTIF(F26:AJ26,"ML") -> 0 | AR26: =COUNTIF(F26:AJ26,"EL") -> 0 | AS26: 1 | AT26: =COUNTIF(F26:AJ26,"SL") -> 0 | AU26: 2 | AV26: =COUNTIF(F26:AJ26,"CL") -> 0 | AW26: 2 | AX26: =AK26+AL26+(AM26+AN26+AO26+AP26+AQ26+AR26+AT26+AV26) -> 0 | AY26: =AX26-AL26-(AM26/2) -> 0
AK27: =COUNTIF(F27:AJ27,"P") -> 0 | AL27: =COUNTIF(F27:AJ27,"L") -> 0 | AM27: =COUNTIF(F27:AJ27,"HD") -> 0 | AN27: =COUNTIF(F27:AJ27,"NH") -> 0 | AO27: =COUNTIF(F27:AJ27,"FH") -> 0 | AP27: =COUNTIF(F27:AJ27,"T") -> 0 | AQ27: =COUNTIF(F27:AJ27,"ML") -> 0 | AR27: =COUNTIF(F27:AJ27,"EL") -> 0 | AS27: 1 | AT27: =COUNTIF(F27:AJ27,"SL") -> 0 | AU27: 2 | AV27: =COUNTIF(F27:AJ27,"CL") -> 0 | AW27: 2 | AX27: =AK27+AL27+(AM27+AN27+AO27+AP27+AQ27+AR27+AT27+AV27) -> 0 | AY27: =AX27-AL27-(AM27/2) -> 0
AK28: =COUNTIF(F28:AJ28,"P") -> 0 | AL28: =COUNTIF(F28:AJ28,"L") -> 0 | AM28: =COUNTIF(F28:AJ28,"HD") -> 0 | AN28: =COUNTIF(F28:AJ28,"NH") -> 0 | AO28: =COUNTIF(F28:AJ28,"FH") -> 0 | AP28: =COUNTIF(F28:AJ28,"T") -> 0 | AQ28: =COUNTIF(F28:AJ28,"ML") -> 0 | AR28: =COUNTIF(F28:AJ28,"EL") -> 0 | AS28: 1 | AT28: =COUNTIF(F28:AJ28,"SL") -> 0 | AU28: 2 | AV28: =COUNTIF(F28:AJ28,"CL") -> 0 | AW28: 2 | AX28: =AK28+AL28+(AM28+AN28+AO28+AP28+AQ28+AR28+AT28+AV28) -> 0 | AY28: =AX28-AL28-(AM28/2) -> 0
AK29: =COUNTIF(F29:AJ29,"P") -> 0 | AL29: =COUNTIF(F29:AJ29,"L") -> 0 | AM29: =COUNTIF(F29:AJ29,"HD") -> 0 | AN29: =COUNTIF(F29:AJ29,"NH") -> 0 | AO29: =COUNTIF(F29:AJ29,"FH") -> 0 | AP29: =COUNTIF(F29:AJ29,"T") -> 0 | AQ29: =COUNTIF(F29:AJ29,"ML") -> 0 | AR29: =COUNTIF(F29:AJ29,"EL") -> 0 | AS29: 1 | AT29: =COUNTIF(F29:AJ29,"SL") -> 0 | AU29: 2 | AV29: =COUNTIF(F29:AJ29,"CL") -> 0 | AW29: 2 | AX29: =AK29+AL29+(AM29+AN29+AO29+AP29+AQ29+AR29+AT29+AV29) -> 0 | AY29: =AX29-AL29-(AM29/2) -> 0
AK30: =COUNTIF(F30:AJ30,"P") -> 0 | AL30: =COUNTIF(F30:AJ30,"L") -> 0 | AM30: =COUNTIF(F30:AJ30,"HD") -> 0 | AN30: =COUNTIF(F30:AJ30,"NH") -> 0 | AO30: =COUNTIF(F30:AJ30,"FH") -> 0 | AP30: =COUNTIF(F30:AJ30,"T") -> 0 | AQ30: =COUNTIF(F30:AJ30,"ML") -> 0 | AR30: =COUNTIF(F30:AJ30,"EL") -> 0 | AS30: 1 | AT30: =COUNTIF(F30:AJ30,"SL") -> 0 | AU30: 2 | AV30: =COUNTIF(F30:AJ30,"CL") -> 0 | AW30: 2 | AX30: =AK30+AL30+(AM30+AN30+AO30+AP30+AQ30+AR30+AT30+AV30) -> 0 | AY30: =AX30-AL30-(AM30/2) -> 0
AK31: =COUNTIF(F31:AJ31,"P") -> 0 | AL31: =COUNTIF(F31:AJ31,"L") -> 0 | AM31: =COUNTIF(F31:AJ31,"HD") -> 0 | AN31: =COUNTIF(F31:AJ31,"NH") -> 0 | AO31: =COUNTIF(F31:AJ31,"FH") -> 0 | AP31: =COUNTIF(F31:AJ31,"T") -> 0 | AQ31: =COUNTIF(F31:AJ31,"ML") -> 0 | AR31: =COUNTIF(F31:AJ31,"EL") -> 0 | AS31: 1 | AT31: =COUNTIF(F31:AJ31,"SL") -> 0 | AU31: 2 | AV31: =COUNTIF(F31:AJ31,"CL") -> 0 | AW31: 2 | AX31: =AK31+AL31+(AM31+AN31+AO31+AP31+AQ31+AR31+AT31+AV31) -> 0 | AY31: =AX31-AL31-(AM31/2) -> 0
... AK62: =COUNTIF(F62:AJ62,"P") -> 0 | AL62: =COUNTIF(F62:AJ62,"L") -> 0 | AM62: =COUNTIF(F62:AJ62,"HD") -> 0 | AN62: =COUNTIF(F62:AJ62,"NH") -> 0 | AO62: =COUNTIF(F62:AJ62,"FH") -> 0 | AP62: =COUNTIF(F62:AJ62,"T") -> 0 | AQ62: =COUNTIF(F62:AJ62,"ML") -> 0 | AR62: =COUNTIF(F62:AJ62,"EL") -> 0 | AS62: 1 | AT62: =COUNTIF(F62:AJ62,"SL") -> 0 | AU62: 2 | AV62: =COUNTIF(F62:AJ62,"CL") -> 0 | AW62: 2 | AX62: =AK62+AL62+(AM62+AN62+AO62+AP62+AQ62+AR62+AT62+AV62) -> 0 | AY62: =AX62-AL62-(AM62/2) -> 0
A64: Daily Attendance | F64: =COUNTIF(F13:F62,"P") -> 4 | G64: =COUNTIF(G13:G62,"P") -> 3 | H64: =COUNTIF(H13:H62,"P") -> 4 | I64: =COUNTIF(I13:I62,"P") -> 4 | J64: =COUNTIF(J13:J62,"P") -> 4 | K64: =COUNTIF(K13:K62,"P") -> 4 | L64: =COUNTIF(L13:L62,"P") -> 3 | M64: =COUNTIF(M13:M62,"P") -> 4 | ... AJ64: =COUNTIF(AJ13:AJ62,"P") -> 0

Sheet July '25
E1: JAIKALKI TECHNOLOGY PVT. LTD.
E2: Employee Attendance Sheet
B3: =HLOOKUP(B6,$E$3:$O$4,2,0) -> 7 | E3: January | F3: February | G3: March | H3: April | I3: May | J3: June | K3: July | L3: August | M3: September | N3: October | O3: Novemeber | P3: December
E4: 1 | F4: 2 | G4: 3 | H4: 4 | I4: 5 | J4: 6 | K4: 7 | L4: 8 | M4: 9 | N4: 10 | O4: 11 | P4: 12
A5: Year | B5: 2025 | C5: D O B | D5: D O J | E5: Date | F5: 1 | G5: 2 | H5: 3 | I5: 4 | J5: 5 | K5: 6 | L5: 7 | M5: 8 | N5: 9 | O5: 10 | P5: 11 | Q5: 12 | R5: 13 | S5: 14 | T5: 15 | U5: 16 | V5: 17 | W5: 18 | X5: 19 | Y5: 20 | Z5: 21 | AA5: 22 | AB5: 23 | AC5: 24 | AD5: 25 | AE5: 26 | AF5: 27 | AG5: 28 | AH5: 29 | AI5: 30 | AJ5: 31 | AK5: Monthly Attendance Summary
A6: Month | B6: July | E6: Type of Day | F6: =IF(F7="Sun","H","W") -> W | G6: =IF(G7="Sun","H","W") -> W | H6: =IF(H7="Sun","H","W") -> W | I6: =IF(I7="Sun","H","W") -> W | J6: =IF(J7="Sun","H","W") -> W | K6: =IF(K7="Sun","H","W") -> H | L6: =IF(L7="Sun","H","W") -> W | M6: =IF(M7="Sun","H","W") -> W | ... AJ6: =IF(AJ7="Sun","H","W") -> W
A7: Emp. ID | B7: Employee Name | E7: Month | F7: =IFERROR(TEXT(DATE($B$5,$B$3,F$5),"ddd"),"") -> Tue | G7: =IFERROR(TEXT(DATE($B$5,$B$3,G$5),"ddd"),"") -> Wed | H7: =IFERROR(TEXT(DATE($B$5,$B$3,H$5),"ddd"),"") -> Thu | I7: =IFERROR(TEXT(DATE($B$5,$B$3,I$5),"ddd"),"") -> Fri | J7: =IFERROR(TEXT(DATE($B$5,$B$3,J$5),"ddd"),"") -> Sat | K7: =IFERROR(TEXT(DATE($B$5,$B$3,K$5),"ddd"),"") -> Sun | L7: =IFERROR(TEXT(DATE($B$5,$B$3,L$5),"ddd"),"") -> Mon | M7: =IFERROR(TEXT(DATE($B$5,$B$3,M$5),"ddd"),"") -> Tue | ... AJ7: =IFERROR(TEXT(DATE($B$5,$B$3,AJ$5),"ddd"),"") -> Thu | AK7: P | AL7: L | AM7: HD | AN7: NH | AO7: FH | AP7: T | AQ7: ML | AR7: EL | AS7: EL AL | AT7: SL | AU7: SL AL | AV7: CL | AW7: CL AL | AX7: Working Days | AY7: Days Payable
A8: JKT001 | B8: Shyamveer Singh | C8: 11th Sept 1991 | D8: 14th Sept 2024 | E8: =$B$6 -> July | F8: P | G8: P | H8: P | I8: P | J8: P | K8: P | L8: P | M8: P | N8: P | O8: P | P8: P | Q8: P | R8: P | S8: P | T8: P | U8: P | V8: P | W8: P | X8: P | Y8: P | Z8: P | AA8: P | AB8: P | AC8: P | AD8: P | AE8: P | AF8: P | AG8: P | AH8: P | AI8: P | AJ8: P | AK8: =COUNTIF(F8:AJ8,"P") -> 31 | AL8: =COUNTIF(F8:AJ8,"L") -> 0 | AM8: =COUNTIF(F8:AJ8,"HD") -> 0 | AN8: =COUNTIF(F8:AJ8,"NH") -> 0 | AO8: =COUNTIF(F8:AJ8,"FH") -> 0 | AP8: =COUNTIF(F8:AJ8,"T") -> 0 | AQ8: =COUNTIF(F8:AJ8,"ML") -> 0 | AR8: =COUNTIF(F8:AJ8,"EL") -> 0 | AS8: 1 | AT8: =COUNTIF(O8:AS8,"SL") -> 0 | AU8: 2 | AV8: =COUNTIF(F8:AJ8,"CL") -> 0 | AW8: 2 | AX8: =AK8+AL8+(AM8+AN8+AO8+AP8+AQ8+AR8+AT8+AV8) -> 31 | AY8: =AX8-AL8-(AM8/2) -> 31
A9: JKT002 | B9: Rohitkumar Kannojiya | C9: 10th May 2001 | D9: 14th Sept 2024 | E9: =$B$6 -> July | F9: P | G9: P | H9: P | I9: P | J9: P | K9: P | L9: P | M9: P | N9: P | O9: P | P9: P | Q9: P | R9: P | S9: P | T9: P | U9: P | V9: P | W9: P | X9: P | Y9: P | Z9: P | AA9: P | AB9: P | AC9: P | AD9: P | AE9: P | AF9: P | AG9: P | AH9: P | AI9: P | AJ9: P | AK9: =COUNTIF(F9:AJ9,"P") -> 31 | AL9: =COUNTIF(F9:AJ9,"L") -> 0 | AM9: =COUNTIF(F9:AJ9,"HD") -> 0 | AN9: =COUNTIF(F9:AJ9,"NH") -> 0 | AO9: =COUNTIF(F9:AJ9,"FH") -> 0 | AP9: =COUNTIF(F9:AJ9,"T") -> 0 | AQ9: =COUNTIF(F9:AJ9,"ML") -> 0 | AR9: =COUNTIF(F9:AJ9,"EL") -> 0 | AS9: 1 | AT9: =COUNTIF(O9:AS9,"SL") -> 0 | AU9: 2 | AV9: =COUNTIF(F9:AJ9,"CL") -> 0 | AW9: 2 | AX9: =AK9+AL9+(AM9+AN9+AO9+AP9+AQ9+AR9+AT9+AV9) -> 31 | AY9: =AX9-AL9-(AM9/2) -> 31
A10: JKT003 | B10: Krunal Trivedi | C10: 29th May 1987 | D10: 14th Sept 2024 | E10: =$B$6 -> July | F10: P | G10: P | H10: P | I10: P | J10: P | K10: P | L10: P | M10: P | N10: P | O10: P | P10: P | Q10: P | R10: P | S10: P | T10: P | U10: P | V10: P | W10: P | X10: P | Y10: P | Z10: P | AA10: P | AB10: P | AC10: P | AD10: P | AE10: P | AF10: P | AG10: P | AH10: P | AI10: P | AJ10: P | AK10: =COUNTIF(F10:AJ10,"P") -> 31 | AL10: =COUNTIF(F10:AJ10,"L") -> 0 | AM10: =COUNTIF(F10:AJ10,"HD") -> 0 | AN10: =COUNTIF(F10:AJ10,"NH") -> 0 | AO10: =COUNTIF(F10:AJ10,"FH") -> 0 | AP10: =COUNTIF(F10:AJ10,"T") -> 0 | AQ10: =COUNTIF(F10:AJ10,"ML") -> 0 | AR10: =COUNTIF(F10:AJ10,"EL") -> 0 | AS10: 1 | AT10: =COUNTIF(O10:AS10,"SL") -> 0 | AU10: 2 | AV10: =COUNTIF(F10:AJ10,"CL") -> 0 | AW10: 2 | AX10: =AK10+AL10+(AM10+AN10+AO10+AP10+AQ10+AR10+AT10+AV10) -> 31 | AY10: =AX10-AL10-(AM10/2) -> 31
A11: JKT004 | B11: Ranjeetkumar Yadav | C11: 27th Mar 1987 | D11: 14th Sept 2024 | E11: =$B$6 -> July | F11: P | G11: P | H11: P | I11: P | J11: P | K11: P | L11: P | M11: P | N11: P | O11: P | P11: P | Q11: P | R11: P | S11: P | T11: P | U11: P | V11: P | W11: P | X11: P | Y11: P | Z11: P | AA11: P | AB11: P | AC11: P | AD11: P | AE11: P | AF11: P | AG11: P | AH11: P | AI11: P | AJ11: P | AK11: =COUNTIF(F11:AJ11,"P") -> 31 | AL11: =COUNTIF(F11:AJ11,"L") -> 0 | AM11: =COUNTIF(F11:AJ11,"HD") -> 0 | AN11: =COUNTIF(F11:AJ11,"NH") -> 0 | AO11: =COUNTIF(F11:AJ11,"FH") -> 0 | AP11: =COUNTIF(F11:AJ11,"T") -> 0 | AQ11: =COUNTIF(F11:AJ11,"ML") -> 0 | AR11: =COUNTIF(F11:AJ11,"EL") -> 0 | AS11: 1 | AT11: =COUNTIF(O11:AS11,"SL") -> 0 | AU11: 2 | AV11: =COUNTIF(F11:AJ11,"CL") -> 0 | AW11: 2 | AX11: =AK11+AL11+(AM11+AN11+AO11+AP11+AQ11+AR11+AT11+AV11) -> 31 | AY11: =AX11-AL11-(AM11/2) -> 31
A12: JKT005 | B12: Santosh Vishwakarma | C12: 4th Jul 1998 | D12: 14th Sept 2024 | E12: =$B$6 -> July | F12: P | G12: P | H12: P | I12: P | J12: P | K12: P | L12: P | M12: P | N12: P | O12: P | P12: P | Q12: P | R12: P | S12: P | T12: P | U12: P | V12: P | W12: P | X12: P | Y12: P | Z12: P | AA12: P | AB12: P | AC12: P | AD12: P | AE12: P | AF12: P | AG12: P | AH12: P | AI12: P | AJ12: P | AK12: =COUNTIF(F12:AJ12,"P") -> 31 | AL12: =COUNTIF(F12:AJ12,"L") -> 0 | AM12: =COUNTIF(F12:AJ12,"HD") -> 0 | AN12: =COUNTIF(F12:AJ12,"NH") -> 0 | AO12: =COUNTIF(F12:AJ12,"FH") -> 0 | AP12: =COUNTIF(F12:AJ12,"T") -> 0 | AQ12: =COUNTIF(F12:AJ12,"ML") -> 0 | AR12: =COUNTIF(F12:AJ12,"EL") -> 0 | AS12: 1 | AT12: =COUNTIF(O12:AS12,"SL") -> 0 | AU12: 2 | AV12: =COUNTIF(F12:AJ12,"CL") -> 0 | AW12: 2 | AX12: =AK12+AL12+(AM12+AN12+AO12+AP12+AQ12+AR12+AT12+AV12) -> 31 | AY12: =AX12-AL12-(AM12/2) -> 31
A13: JKT006 | B13: Deepak Borana | C13: 23rd June 2000 | D13: 6th Jan 2025 | E13: =$B$6 -> July | AK13: =COUNTIF(F13:AJ13,"P") -> 0 | AL13: =COUNTIF(F13:AJ13,"L") -> 0 | AM13: =COUNTIF(F13:AJ13,"HD") -> 0 | AN13: =COUNTIF(F13:AJ13,"NH") -> 0 | AO13: =COUNTIF(F13:AJ13,"FH") -> 0 | AP13: =COUNTIF(F13:AJ13,"T") -> 0 | AQ13: =COUNTIF(F13:AJ13,"ML") -> 0 | AR13: =COUNTIF(F13:AJ13,"EL") -> 0 | AS13: 1 | AT13: =COUNTIF(F13:AJ13,"SL") -> 0 | AU13: 2 | AV13: =COUNTIF(F13:AJ13,"CL") -> 0 | AW13: 2 | AX13: =AK13+AL13+(AM13+AN13+AO13+AP13+AQ13+AR13+AT13+AV13) -> 0 | AY13: =AX13-AL13-(AM13/2) -> 0
A14: JKT007 | B14: Jincy Mathew | C14: 19th April 1999 | D14: 13th Jan 2025 | E14: =$B$6 -> July | F14: P | G14: P | H14: P | I14: P | J14: L | K14: P | L14: P | M14: P | N14: P | O14: P | P14: P | Q14: L | R14: P | S14: P | T14: P | U14: P | V14: P | W14: P | X14: L | Y14: P | Z14: P | AA14: P | AB14: P | AC14: P | AD14: P | AE14: L | AF14: P | AG14: P | AH14: P | AI14: P | AJ14: P | AK14: =COUNTIF(F14:AJ14,"P") -> 27 | AL14: =COUNTIF(F14:AJ14,"L") -> 4 | AM14: =COUNTIF(F14:AJ14,"HD") -> 0 | AN14: =COUNTIF(F14:AJ14,"NH") -> 0 | AO14: =COUNTIF(F14:AJ14,"FH") -> 0 | AP14: =COUNTIF(F14:AJ14,"T") -> 0 | AQ14: =COUNTIF(F14:AJ14,"ML") -> 0 | AR14: =COUNTIF(F14:AJ14,"EL") -> 0 | AS14: 1 | AT14: =COUNTIF(F14:AJ14,"SL") -> 0 | AU14: 2 | AV14: =COUNTIF(F14:AJ14,"CL") -> 0 | AW14: 2 | AX14: =AK14+AL14+(AM14+AN14+AO14+AP14+AQ14+AR14+AT14+AV14) -> 31 | AY14: =AX14-AL14-(AM14/2) -> 27
A15: JKT008 | B15: Sanjay Jaiswar | C15: 18th Feb 2002 | D15: 16th Jan 2025 | E15: =$B$6 -> July | F15: P | G15: P | H15: P | I15: P | K15: P | L15: P | M15: P | N15: P | O15: P | P15: P | Q15: P | R15: P | S15: P | T15: P | U15: P | V15: P | W15: P | X15: P | Y15: P | Z15: P | AA15: P | AB15: P | AC15: P | AD15: P | AE15: P | AF15: P | AG15: P | AH15: P | AI15: P | AJ15: P | AK15: =COUNTIF(F15:AJ15,"P") -> 30 | AL15: =COUNTIF(F15:AJ15,"L") -> 0 | AM15: =COUNTIF(F15:AJ15,"HD") -> 0 | AN15: =COUNTIF(F15:AJ15,"NH") -> 0 | AO15: =COUNTIF(F15:AJ15,"FH") -> 0 | AP15: =COUNTIF(F15:AJ15,"T") -> 0 | AQ15: =COUNTIF(F15:AJ15,"ML") -> 0 | AR15: =COUNTIF(F15:AJ15,"EL") -> 0 | AS15: 1 | AT15: =COUNTIF(F15:AJ15,"SL") -> 0 | AU15: 2 | AV15: =COUNTIF(F15:AJ15,"CL") -> 0 | AW15: 2 | AX15: =AK15+AL15+(AM15+AN15+AO15+AP15+AQ15+AR15+AT15+AV15) -> 30 | AY15: =AX15-AL15-(AM15/2) -> 30
A16: JKT009 | B16: Chauhan Badal | C16: 12th Mar 2002 | D16: 30th Jan 2025 | E16: =$B$6 -> July | F16: L | G16: P | H16: P | I16: P | K16: P | L16: P | M16: P | N16: P | O16: P | P16: P | Q16: P | R16: P | S16: P | T16: P | U16: P | V16: P | W16: P | X16: P | Y16: P | Z16: P | AA16: P | AB16: P | AC16: P | AD16: P | AE16: P | AF16: P | AG16: P | AH16: P | AI16: P | AJ16: P | AK16: =COUNTIF(F16:AJ16,"P") -> 29 | AL16: =COUNTIF(F16:AJ16,"L") -> 1 | AM16: =COUNTIF(F16:AJ16,"HD") -> 0 | AN16: =COUNTIF(F16:AJ16,"NH") -> 0 | AO16: =COUNTIF(F16:AJ16,"FH") -> 0 | AP16: =COUNTIF(F16:AJ16,"T") -> 0 | AQ16: =COUNTIF(F16:AJ16,"ML") -> 0 | AR16: =COUNTIF(F16:AJ16,"EL") -> 0 | AS16: 1 | AT16: =COUNTIF(F16:AJ16,"SL") -> 0 | AU16: 2 | AV16: =COUNTIF(F16:AJ16,"CL") -> 0 | AW16: 2 | AX16: =AK16+AL16+(AM16+AN16+AO16+AP16+AQ16+AR16+AT16+AV16) -> 30 | AY16: =AX16-AL16-(AM16/2) -> 29
A17: JKT010 | B17: Vikas Kotiyan | C17: 18th Sept 1999 | D17: 17th Mar 2025 | E17: =$B$6 -> July | F17: P | G17: L | H17: P | I17: P | K17: P | L17: P | M17: P | N17: P | O17: P | P17: P | Q17: P | R17: P | S17: P | T17: P | U17: P | V17: P | W17: P | X17: P | Y17: P | Z17: P | AA17: P | AB17: L | AC17: P | AD17: P | AE17: P | AF17: P | AG17: L | AH17: P | AI17: P | AJ17: P | AK17: =COUNTIF(F17:AJ17,"P") -> 27 | AL17: =COUNTIF(F17:AJ17,"L") -> 3 | AM17: =COUNTIF(F17:AJ17,"HD") -> 0 | AN17: =COUNTIF(F17:AJ17,"NH") -> 0 | AO17: =COUNTIF(F17:AJ17,"FH") -> 0 | AP17: =COUNTIF(F17:AJ17,"T") -> 0 | AQ17: =COUNTIF(F17:AJ17,"ML") -> 0 | AR17: =COUNTIF(F17:AJ17,"EL") -> 0 | AS17: 1 | AT17: =COUNTIF(F17:AJ17,"SL") -> 0 | AU17: 2 | AV17: =COUNTIF(F17:AJ17,"CL") -> 0 | AW17: 2 | AX17: =AK17+AL17+(AM17+AN17+AO17+AP17+AQ17+AR17+AT17+AV17) -> 30 | AY17: =AX17-AL17-(AM17/2) -> 27
A18: JKT011 | B18: Pratibha Tiwari | C18: 14th Feb 2004 | D18: 17th Apr 2025 | E18: =$B$6 -> July | AK18: =COUNTIF(F18:AJ18,"P") -> 0 | AL18: =COUNTIF(F18:AJ18,"L") -> 0 | AM18: =COUNTIF(F18:AJ18,"HD") -> 0 | AN18: =COUNTIF(F18:AJ18,"NH") -> 0 | AO18: =COUNTIF(F18:AJ18,"FH") -> 0 | AP18: =COUNTIF(F18:AJ18,"T") -> 0 | AQ18: =COUNTIF(F18:AJ18,"ML") -> 0 | AR18: =COUNTIF(F18:AJ18,"EL") -> 0 | AS18: 1 | AT18: =COUNTIF(F18:AJ18,"SL") -> 0 | AU18: 2 | AV18: =COUNTIF(F18:AJ18,"CL") -> 0 | AW18: 2 | AX18: =AK18+AL18+(AM18+AN18+AO18+AP18+AQ18+AR18+AT18+AV18) -> 0 | AY18: =AX18-AL18-(AM18/2) -> 0
A19: JKT012 | B19: Anupam Pal | C19: 10th Nov 2001 | D19: 5th May 2025 | E19: =$B$6 -> July | AK19: =COUNTIF(F19:AJ19,"P") -> 0 | AL19: =COUNTIF(F19:AJ19,"L") -> 0 | AM19: =COUNTIF(F19:AJ19,"HD") -> 0 | AN19: =COUNTIF(F19:AJ19,"NH") -> 0 | AO19: =COUNTIF(F19:AJ19,"FH") -> 0 | AP19: =COUNTIF(F19:AJ19,"T") -> 0 | AQ19: =COUNTIF(F19:AJ19,"ML") -> 0 | AR19: =COUNTIF(F19:AJ19,"EL") -> 0 | AS19: 1 | AT19: =COUNTIF(F19:AJ19,"SL") -> 0 | AU19: 2 | AV19: =COUNTIF(F19:AJ19,"CL") -> 0 | AW19: 2 | AX19: =AK19+AL19+(AM19+AN19+AO19+AP19+AQ19+AR19+AT19+AV19) -> 0 | AY19: =AX19-AL19-(AM19/2) -> 0
A20: Daily Attendance | F20: =COUNTIF(F13:F19,"P") -> 3 | G20: =COUNTIF(G13:G19,"P") -> 3 | H20: =COUNTIF(H13:H19,"P") -> 4 | I20: =COUNTIF(I13:I19,"P") -> 4 | J20: =COUNTIF(J13:J19,"P") -> 0 | K20: =COUNTIF(K13:K19,"P") -> 4 | L20: =COUNTIF(L13:L19,"P") -> 4 | M20: =COUNTIF(M13:M19,"P") -> 4 | ... AJ20: =COUNTIF(AJ13:AJ19,"P") -> 4

Sheet Aug '25
E1: JAIKALKI TECHNOLOGY PVT. LTD.
E2: Employee Attendance Sheet
B3: =HLOOKUP(B6,$E$3:$O$4,2,0) -> 8 | E3: January | F3: February | G3: March | H3: April | I3: May | J3: June | K3: July | L3: August | M3: September | N3: October | O3: Novemeber | P3: December
E4: 1 | F4: 2 | G4: 3 | H4: 4 | I4: 5 | J4: 6 | K4: 7 | L4: 8 | M4: 9 | N4: 10 | O4: 11 | P4: 12
A5: Year | B5: 2025 | C5: D O B | D5: D O J | E5: Date | F5: 1 | G5: 2 | H5: 3 | I5: 4 | J5: 5 | K5: 6 | L5: 7 | M5: 8 | N5: 9 | O5: 10 | P5: 11 | Q5: 12 | R5: 13 | S5: 14 | T5: 15 | U5: 16 | V5: 17 | W5: 18 | X5: 19 | Y5: 20 | Z5: 21 | AA5: 22 | AB5: 23 | AC5: 24 | AD5: 25 | AE5: 26 | AF5: 27 | AG5: 28 | AH5: 29 | AI5: 30 | AJ5: 31 | AK5: Monthly Attendance Summary
A6: Month | B6: August | E6: Type of Day | F6: =IF(F7="Sun","H","W") -> W | G6: =IF(G7="Sun","H","W") -> W | H6: =IF(H7="Sun","H","W") -> H | I6: =IF(I7="Sun","H","W") -> W | J6: =IF(J7="Sun","H","W") -> W | K6: =IF(K7="Sun","H","W") -> W | L6: =IF(L7="Sun","H","W") -> W | M6: =IF(M7="Sun","H","W") -> W | ... AJ6: =IF(AJ7="Sun","H","W") -> H
A7: Emp. ID | B7: Employee Name | E7: Month | F7: =IFERROR(TEXT(DATE($B$5,$B$3,F$5),"ddd"),"") -> Fri | G7: =IFERROR(TEXT(DATE($B$5,$B$3,G$5),"ddd"),"") -> Sat | H7: =IFERROR(TEXT(DATE($B$5,$B$3,H$5),"ddd"),"") -> Sun | I7: =IFERROR(TEXT(DATE($B$5,$B$3,I$5),"ddd"),"") -> Mon | J7: =IFERROR(TEXT(DATE($B$5,$B$3,J$5),"ddd"),"") -> Tue | K7: =IFERROR(TEXT(DATE($B$5,$B$3,K$5),"ddd"),"") -> Wed | L7: =IFERROR(TEXT(DATE($B$5,$B$3,L$5),"ddd"),"") -> Thu | M7: =IFERROR(TEXT(DATE($B$5,$B$3,M$5),"ddd"),"") -> Fri | ... AJ7: =IFERROR(TEXT(DATE($B$5,$B$3,AJ$5),"ddd"),"") -> Sun | AK7: P | AL7: L | AM7: HD | AN7: NH | AO7: FH | AP7: T | AQ7: ML | AR7: EL | AS7: EL AL | AT7: SL | AU7: SL AL | AV7: CL | AW7: CL AL | AX7: Working Days | AY7: Days Payable
A8: JKT001 | B8: Shyamveer Singh | C8: 11th Sept 1991 | D8: 14th Sept 2024 | E8: =$B$6 -> August | F8: P | G8: P | H8: P | I8: P | J8: P | K8: P | L8: P | M8: P | N8: P | O8: P | P8: P | Q8: P | R8: P | S8: P | T8: P | U8: P | V8: P | W8: P | X8: P | Y8: P | Z8: P | AA8: P | AB8: P | AC8: P | AD8: P | AE8: P | AF8: P | AG8: P | AH8: P | AI8: P | AJ8: P | AK8: =COUNTIF(F8:AJ8,"P") -> 31 | AL8: =COUNTIF(F8:AJ8,"L") -> 0 | AM8: =COUNTIF(F8:AJ8,"HD") -> 0 | AN8: =COUNTIF(F8:AJ8,"NH") -> 0 | AO8: =COUNTIF(F8:AJ8,"FH") -> 0 | AP8: =COUNTIF(F8:AJ8,"T") -> 0 | AQ8: =COUNTIF(F8:AJ8,"ML") -> 0 | AR8: =COUNTIF(F8:AJ8,"EL") -> 0 | AS8: 1 | AT8: =COUNTIF(O8:AS8,"SL") -> 0 | AU8: 2 | AV8: =COUNTIF(F8:AJ8,"CL") -> 0 | AW8: 2 | AX8: =AK8+AL8+(AM8+AN8+AO8+AP8+AQ8+AR8+AT8+AV8) -> 31 | AY8: =AX8-AL8-(AM8/2) -> 31
A9: JKT002 | B9: Rohitkumar Kannojiya | C9: 10th May 2001 | D9: 14th Sept 2024 | E9: =$B$6 -> August | F9: P | G9: P | H9: P | I9: P | J9: P | K9: P | L9: P | M9: P | N9: P | O9: P | P9: P | Q9: P | R9: P | S9: P | T9: P | U9: P | V9: P | W9: P | X9: P | Y9: P | Z9: P | AA9: P | AB9: P | AC9: P | AD9: P | AE9: P | AF9: P | AG9: P | AH9: P | AI9: P | AJ9: P | AK9: =COUNTIF(F9:AJ9,"P") -> 31 | AL9: =COUNTIF(F9:AJ9,"L") -> 0 | AM9: =COUNTIF(F9:AJ9,"HD") -> 0 | AN9: =COUNTIF(F9:AJ9,"NH") -> 0 | AO9: =COUNTIF(F9:AJ9,"FH") -> 0 | AP9: =COUNTIF(F9:AJ9,"T") -> 0 | AQ9: =COUNTIF(F9:AJ9,"ML") -> 0 | AR9: =COUNTIF(F9:AJ9,"EL") -> 0 | AS9: 1 | AT9: =COUNTIF(O9:AS9,"SL") -> 0 | AU9: 2 | AV9: =COUNTIF(F9:AJ9,"CL") -> 0 | AW9: 2 | AX9: =AK9+AL9+(AM9+AN9+AO9+AP9+AQ9+AR9+AT9+AV9) -> 31 | AY9: =AX9-AL9-(AM9/2) -> 31
A10: JKT003 | B10: Krunal Trivedi | C10: 29th May 1987 | D10: 14th Sept 2024 | E10: =$B$6 -> August | F10: P | G10: P | H10: P | I10: P | J10: P | K10: P | L10: P | M10: P | N10: P | O10: P | P10: P | Q10: P | R10: P | S10: P | T10: P | U10: P | V10: P | W10: P | X10: P | Y10: P | Z10: P | AA10: P | AB10: P | AC10: P | AD10: P | AE10: P | AF10: P | AG10: P | AH10: P | AI10: P | AJ10: P | AK10: =COUNTIF(F10:AJ10,"P") -> 31 | AL10: =COUNTIF(F10:AJ10,"L") -> 0 | AM10: =COUNTIF(F10:AJ10,"HD") -> 0 | AN10: =COUNTIF(F10:AJ10,"NH") -> 0 | AO10: =COUNTIF(F10:AJ10,"FH") -> 0 | AP10: =COUNTIF(F10:AJ10,"T") -> 0 | AQ10: =COUNTIF(F10:AJ10,"ML") -> 0 | AR10: =COUNTIF(F10:AJ10,"EL") -> 0 | AS10: 1 | AT10: =COUNTIF(O10:AS10,"SL") -> 0 | AU10: 2 | AV10: =COUNTIF(F10:AJ10,"CL") -> 0 | AW10: 2 | AX10: =AK10+AL10+(AM10+AN10+AO10+AP10+AQ10+AR10+AT10+AV10) -> 31 | AY10: =AX10-AL10-(AM10/2) -> 31
A11: JKT004 | B11: Ranjeetkumar Yadav | C11: 27th Mar 1987 | D11: 14th Sept 2024 | E11: =$B$6 -> August | AK11: =COUNTIF(F11:AJ11,"P") -> 0 | AL11: =COUNTIF(F11:AJ11,"L") -> 0 | AM11: =COUNTIF(F11:AJ11,"HD") -> 0 | AN11: =COUNTIF(F11:AJ11,"NH") -> 0 | AO11: =COUNTIF(F11:AJ11,"FH") -> 0 | AP11: =COUNTIF(F11:AJ11,"T") -> 0 | AQ11: =COUNTIF(F11:AJ11,"ML") -> 0 | AR11: =COUNTIF(F11:AJ11,"EL") -> 0 | AS11: 1 | AT11: =COUNTIF(O11:AS11,"SL") -> 0 | AU11: 2 | AV11: =COUNTIF(F11:AJ11,"CL") -> 0 | AW11: 2 | AX11: =AK11+AL11+(AM11+AN11+AO11+AP11+AQ11+AR11+AT11+AV11) -> 0 | AY11: =AX11-AL11-(AM11/2) -> 0
A12: JKT005 | B12: Santosh Vishwakarma | C12: 4th Jul 1998 | D12: 14th Sept 2024 | E12: =$B$6 -> August | AK12: =COUNTIF(F12:AJ12,"P") -> 0 | AL12: =COUNTIF(F12:AJ12,"L") -> 0 | AM12: =COUNTIF(F12:AJ12,"HD") -> 0 | AN12: =COUNTIF(F12:AJ12,"NH") -> 0 | AO12: =COUNTIF(F12:AJ12,"FH") -> 0 | AP12: =COUNTIF(F12:AJ12,"T") -> 0 | AQ12: =COUNTIF(F12:AJ12,"ML") -> 0 | AR12: =COUNTIF(F12:AJ12,"EL") -> 0 | AS12: 1 | AT12: =COUNTIF(O12:AS12,"SL") -> 0 | AU12: 2 | AV12: =COUNTIF(F12:AJ12,"CL") -> 0 | AW12: 2 | AX12: =AK12+AL12+(AM12+AN12+AO12+AP12+AQ12+AR12+AT12+AV12) -> 0 | AY12: =AX12-AL12-(AM12/2) -> 0
A13: JKT006 | B13: Deepak Borana | C13: 23rd June 2000 | D13: 6th Jan 2025 | E13: =$B$6 -> August | AK13: =COUNTIF(F13:AJ13,"P") -> 0 | AL13: =COUNTIF(F13:AJ13,"L") -> 0 | AM13: =COUNTIF(F13:AJ13,"HD") -> 0 | AN13: =COUNTIF(F13:AJ13,"NH") -> 0 | AO13: =COUNTIF(F13:AJ13,"FH") -> 0 | AP13: =COUNTIF(F13:AJ13,"T") -> 0 | AQ13: =COUNTIF(F13:AJ13,"ML") -> 0 | AR13: =COUNTIF(F13:AJ13,"EL") -> 0 | AS13: 1 | AT13: =COUNTIF(F13:AJ13,"SL") -> 0 | AU13: 2 | AV13: =COUNTIF(F13:AJ13,"CL") -> 0 | AW13: 2 | AX13: =AK13+AL13+(AM13+AN13+AO13+AP13+AQ13+AR13+AT13+AV13) -> 0 | AY13: =AX13-AL13-(AM13/2) -> 0
A14: JKT007 | B14: Jincy Mathew | C14: 19th April 1999 | D14: 13th Jan 2025 | E14: =$B$6 -> August | F14: P | G14: L | H14: P | I14: P | J14: P | K14: P | L14: P | M14: P | N14: L | O14: L | P14: L | Q14: L | R14: L | S14: L | T14: L | U14: L | V14: L | W14: L | X14: L | Y14: L | Z14: L | AA14: L | AB14: L | AC14: L | AD14: L | AE14: L | AF14: L | AG14: L | AH14: L | AI14: L | AJ14: L | AK14: =COUNTIF(F14:AJ14,"P") -> 7 | AL14: =COUNTIF(F14:AJ14,"L") -> 24 | AM14: =COUNTIF(F14:AJ14,"HD") -> 0 | AN14: =COUNTIF(F14:AJ14,"NH") -> 0 | AO14: =COUNTIF(F14:AJ14,"FH") -> 0 | AP14: =COUNTIF(F14:AJ14,"T") -> 0 | AQ14: =COUNTIF(F14:AJ14,"ML") -> 0 | AR14: =COUNTIF(F14:AJ14,"EL") -> 0 | AS14: 1 | AT14: =COUNTIF(F14:AJ14,"SL") -> 0 | AU14: 2 | AV14: =COUNTIF(F14:AJ14,"CL") -> 0 | AW14: 2 | AX14: =AK14+AL14+(AM14+AN14+AO14+AP14+AQ14+AR14+AT14+AV14) -> 31 | AY14: =AX14-AL14-(AM14/2) -> 7
A15: JKT008 | B15: Sanjay Jaiswar | C15: 18th Feb 2002 | D15: 16th Jan 2025 | E15: =$B$6 -> August | F15: P | G15: P | H15: P | I15: P | J15: P | K15: P | L15: P | M15: P | N15: P | O15: P | P15: P | Q15: P | R15: P | S15: P | T15: P | U15: P | V15: P | W15: P | X15: P | Y15: P | Z15: P | AA15: P | AB15: P | AC15: P | AD15: P | AE15: P | AF15: P | AG15: P | AH15: P | AI15: P | AJ15: P | AK15: =COUNTIF(F15:AJ15,"P") -> 31 | AL15: =COUNTIF(F15:AJ15,"L") -> 0 | AM15: =COUNTIF(F15:AJ15,"HD") -> 0 | AN15: =COUNTIF(F15:AJ15,"NH") -> 0 | AO15: =COUNTIF(F15:AJ15,"FH") -> 0 | AP15: =COUNTIF(F15:AJ15,"T") -> 0 | AQ15: =COUNTIF(F15:AJ15,"ML") -> 0 | AR15: =COUNTIF(F15:AJ15,"EL") -> 0 | AS15: 1 | AT15: =COUNTIF(F15:AJ15,"SL") -> 0 | AU15: 2 | AV15: =COUNTIF(F15:AJ15,"CL") -> 0 | AW15: 2 | AX15: =AK15+AL15+(AM15+AN15+AO15+AP15+AQ15+AR15+AT15+AV15) -> 31 | AY15: =AX15-AL15-(AM15/2) -> 31
A16: JKT009 | B16: Chauhan Badal | C16: 12th Mar 2002 | D16: 30th Jan 2025 | E16: =$B$6 -> August | F16: P | G16: P | H16: P | I16: P | J16: P | K16: P | L16: P | M16: P | N16: P | O16: P | P16: P | Q16: P | R16: P | S16: P | T16: P | U16: P | V16: P | W16: P | X16: P | Y16: P | Z16: P | AA16: P | AB16: L | AC16: P | AD16: P | AE16: P | AF16: P | AG16: P | AH16: P | AI16: P | AJ16: P | AK16: =COUNTIF(F16:AJ16,"P") -> 30 | AL16: =COUNTIF(F16:AJ16,"L") -> 1 | AM16: =COUNTIF(F16:AJ16,"HD") -> 0 | AN16: =COUNTIF(F16:AJ16,"NH") -> 0 | AO16: =COUNTIF(F16:AJ16,"FH") -> 0 | AP16: =COUNTIF(F16:AJ16,"T") -> 0 | AQ16: =COUNTIF(F16:AJ16,"ML") -> 0 | AR16: =COUNTIF(F16:AJ16,"EL") -> 0 | AS16: 1 | AT16: =COUNTIF(F16:AJ16,"SL") -> 0 | AU16: 2 | AV16: =COUNTIF(F16:AJ16,"CL") -> 0 | AW16: 2 | AX16: =AK16+AL16+(AM16+AN16+AO16+AP16+AQ16+AR16+AT16+AV16) -> 31 | AY16: =AX16-AL16-(AM16/2) -> 30
A17: JKT010 | B17: Vikas Kotiyan | C17: 18th Sept 1999 | D17: 17th Mar 2025 | E17: =$B$6 -> August | F17: P | G17: P | H17: P | I17: P | J17: P | K17: L | L17: P | M17: P | N17: P | O17: P | P17: P | Q17: P | R17: L | S17: L | T17: L | U17: P | V17: P | W17: P | X17: P | Y17: P | Z17: P | AA17: L | AB17: P | AC17: P | AD17: P | AE17: P | AF17: P | AG17: P | AH17: P | AI17: P | AJ17: P | AK17: =COUNTIF(F17:AJ17,"P") -> 26 | AL17: =COUNTIF(F17:AJ17,"L") -> 5 | AM17: =COUNTIF(F17:AJ17,"HD") -> 0 | AN17: =COUNTIF(F17:AJ17,"NH") -> 0 | AO17: =COUNTIF(F17:AJ17,"FH") -> 0 | AP17: =COUNTIF(F17:AJ17,"T") -> 0 | AQ17: =COUNTIF(F17:AJ17,"ML") -> 0 | AR17: =COUNTIF(F17:AJ17,"EL") -> 0 | AS17: 1 | AT17: =COUNTIF(F17:AJ17,"SL") -> 0 | AU17: 2 | AV17: =COUNTIF(F17:AJ17,"CL") -> 0 | AW17: 2 | AX17: =AK17+AL17+(AM17+AN17+AO17+AP17+AQ17+AR17+AT17+AV17) -> 31 | AY17: =AX17-AL17-(AM17/2) -> 26
A18: JKT011 | B18: Pratibha Tiwari | C18: 14th Feb 2004 | D18: 17th Apr 2025 | E18: =$B$6 -> August | AK18: =COUNTIF(F18:AJ18,"P") -> 0 | AL18: =COUNTIF(F18:AJ18,"L") -> 0 | AM18: =COUNTIF(F18:AJ18,"HD") -> 0 | AN18: =COUNTIF(F18:AJ18,"NH") -> 0 | AO18: =COUNTIF(F18:AJ18,"FH") -> 0 | AP18: =COUNTIF(F18:AJ18,"T") -> 0 | AQ18: =COUNTIF(F18:AJ18,"ML") -> 0 | AR18: =COUNTIF(F18:AJ18,"EL") -> 0 | AS18: 1 | AT18: =COUNTIF(F18:AJ18,"SL") -> 0 | AU18: 2 | AV18: =COUNTIF(F18:AJ18,"CL") -> 0 | AW18: 2 | AX18: =AK18+AL18+(AM18+AN18+AO18+AP18+AQ18+AR18+AT18+AV18) -> 0 | AY18: =AX18-AL18-(AM18/2) -> 0
A19: JKT012 | B19: Anupam Pal | C19: 10th Nov 2001 | D19: 5th May 2025 | E19: =$B$6 -> August | AK19: =COUNTIF(F19:AJ19,"P") -> 0 | AL19: =COUNTIF(F19:AJ19,"L") -> 0 | AM19: =COUNTIF(F19:AJ19,"HD") -> 0 | AN19: =COUNTIF(F19:AJ19,"NH") -> 0 | AO19: =COUNTIF(F19:AJ19,"FH") -> 0 | AP19: =COUNTIF(F19:AJ19,"T") -> 0 | AQ19: =COUNTIF(F19:AJ19,"ML") -> 0 | AR19: =COUNTIF(F19:AJ19,"EL") -> 0 | AS19: 1 | AT19: =COUNTIF(F19:AJ19,"SL") -> 0 | AU19: 2 | AV19: =COUNTIF(F19:AJ19,"CL") -> 0 | AW19: 2 | AX19: =AK19+AL19+(AM19+AN19+AO19+AP19+AQ19+AR19+AT19+AV19) -> 0 | AY19: =AX19-AL19-(AM19/2) -> 0
A20: Daily Attendance | F20: =COUNTIF(F13:F19,"P") -> 4 | G20: =COUNTIF(G13:G19,"P") -> 3 | H20: =COUNTIF(H13:H19,"P") -> 4 | I20: =COUNTIF(I13:I19,"P") -> 4 | J20: =COUNTIF(J13:J19,"P") -> 4 | K20: =COUNTIF(K13:K19,"P") -> 3 | L20: =COUNTIF(L13:L19,"P") -> 4 | M20: =COUNTIF(M13:M19,"P") -> 4 | ... AJ20: =COUNTIF(AJ13:AJ19,"P") -> 3

Sheet Sept '25
E1: JAIKALKI TECHNOLOGY PVT. LTD.
E2: Employee Attendance Sheet
B3: =HLOOKUP(B6,$E$3:$O$4,2,0) -> 9 | E3: January | F3: February | G3: March | H3: April | I3: May | J3: June | K3: July | L3: August | M3: September | N3: October | O3: Novemeber | P3: December
E4: 1 | F4: 2 | G4: 3 | H4: 4 | I4: 5 | J4: 6 | K4: 7 | L4: 8 | M4: 9 | N4: 10 | O4: 11 | P4: 12
A5: Year | B5: 2025 | C5: D O B | D5: D O J | E5: Date | F5: 1 | G5: 2 | H5: 3 | I5: 4 | J5: 5 | K5: 6 | L5: 7 | M5: 8 | N5: 9 | O5: 10 | P5: 11 | Q5: 12 | R5: 13 | S5: 14 | T5: 15 | U5: 16 | V5: 17 | W5: 18 | X5: 19 | Y5: 20 | Z5: 21 | AA5: 22 | AB5: 23 | AC5: 24 | AD5: 25 | AE5: 26 | AF5: 27 | AG5: 28 | AH5: 29 | AI5: 30 | AJ5: 31 | AK5: Monthly Attendance Summary
A6: Month | B6: September | E6: Type of Day | F6: =IF(F7="Sun","H","W") -> W | G6: =IF(G7="Sun","H","W") -> W | H6: =IF(H7="Sun","H","W") -> W | I6: =IF(I7="Sun","H","W") -> W | J6: =IF(J7="Sun","H","W") -> W | K6: =IF(K7="Sun","H","W") -> W | L6: =IF(L7="Sun","H","W") -> H | M6: =IF(M7="Sun","H","W") -> W | ... AJ6: =IF(AJ7="Sun","H","W") -> W
A7: Emp. ID | B7: Employee Name | E7: Month | F7: =IFERROR(TEXT(DATE($B$5,$B$3,F$5),"ddd"),"") -> Mon | G7: =IFERROR(TEXT(DATE($B$5,$B$3,G$5),"ddd"),"") -> Tue | H7: =IFERROR(TEXT(DATE($B$5,$B$3,H$5),"ddd"),"") -> Wed | I7: =IFERROR(TEXT(DATE($B$5,$B$3,I$5),"ddd"),"") -> Thu | J7: =IFERROR(TEXT(DATE($B$5,$B$3,J$5),"ddd"),"") -> Fri | K7: =IFERROR(TEXT(DATE($B$5,$B$3,K$5),"ddd"),"") -> Sat | L7: =IFERROR(TEXT(DATE($B$5,$B$3,L$5),"ddd"),"") -> Sun | M7: =IFERROR(TEXT(DATE($B$5,$B$3,M$5),"ddd"),"") -> Mon | ... AJ7: =IFERROR(TEXT(DATE($B$5,$B$3,AJ$5),"ddd"),"") -> Wed | AK7: P | AL7: L | AM7: HD | AN7: NH | AO7: FH | AP7: T | AQ7: ML | AR7: EL | AS7: EL AL | AT7: SL | AU7: SL AL | AV7: CL | AW7: CL AL | AX7: Working Days | AY7: Days Payable
A8: JKT001 | B8: Shyamveer Singh | C8: 11th Sept 1991 | D8: 14th Sept 2024 | E8: =$B$6 -> September | F8: P | G8: P | H8: P | I8: P | J8: P | K8: P | L8: P | M8: P | N8: P | O8: P | P8: P | Q8: P | R8: P | S8: P | T8: P | U8: P | V8: P | W8: P | X8: P | Y8: P | Z8: P | AA8: P | AB8: P | AC8: P | AD8: P | AE8: P | AF8: P | AG8: P | AH8: P | AI8: P | AJ8: P | AK8: =COUNTIF(F8:AJ8,"P") -> 31 | AL8: =COUNTIF(F8:AJ8,"L") -> 0 | AM8: =COUNTIF(F8:AJ8,"HD") -> 0 | AN8: =COUNTIF(F8:AJ8,"NH") -> 0 | AO8: =COUNTIF(F8:AJ8,"FH") -> 0 | AP8: =COUNTIF(F8:AJ8,"T") -> 0 | AQ8: =COUNTIF(F8:AJ8,"ML") -> 0 | AR8: =COUNTIF(F8:AJ8,"EL") -> 0 | AS8: 1 | AT8: =COUNTIF(O8:AS8,"SL") -> 0 | AU8: 2 | AV8: =COUNTIF(F8:AJ8,"CL") -> 0 | AW8: 2 | AX8: =AK8+AL8+(AM8+AN8+AO8+AP8+AQ8+AR8+AT8+AV8) -> 31 | AY8: =AX8-AL8-(AM8/2) -> 31
A9: JKT002 | B9: Rohitkumar Kannojiya | C9: 10th May 2001 | D9: 14th Sept 2024 | E9: =$B$6 -> September | F9: P | G9: P | H9: P | I9: P | J9: P | K9: P | L9: P | M9: P | N9: P | O9: P | P9: P | Q9: P | R9: P | S9: P | T9: P | U9: P | V9: P | W9: P | X9: P | Y9: P | Z9: P | AA9: P | AB9: P | AC9: P | AD9: P | AE9: P | AF9: P | AG9: P | AH9: P | AI9: P | AJ9: P | AK9: =COUNTIF(F9:AJ9,"P") -> 31 | AL9: =COUNTIF(F9:AJ9,"L") -> 0 | AM9: =COUNTIF(F9:AJ9,"HD") -> 0 | AN9: =COUNTIF(F9:AJ9,"NH") -> 0 | AO9: =COUNTIF(F9:AJ9,"FH") -> 0 | AP9: =COUNTIF(F9:AJ9,"T") -> 0 | AQ9: =COUNTIF(F9:AJ9,"ML") -> 0 | AR9: =COUNTIF(F9:AJ9,"EL") -> 0 | AS9: 1 | AT9: =COUNTIF(O9:AS9,"SL") -> 0 | AU9: 2 | AV9: =COUNTIF(F9:AJ9,"CL") -> 0 | AW9: 2 | AX9: =AK9+AL9+(AM9+AN9+AO9+AP9+AQ9+AR9+AT9+AV9) -> 31 | AY9: =AX9-AL9-(AM9/2) -> 31
A10: JKT003 | B10: Krunal Trivedi | C10: 29th May 1987 | D10: 14th Sept 2024 | E10: =$B$6 -> September | F10: P | G10: P | H10: P | I10: P | J10: P | K10: P | L10: P | M10: P | N10: P | O10: P | P10: P | Q10: P | R10: P | S10: P | T10: P | U10: P | V10: P | W10: P | X10: P | Y10: P | Z10: P | AA10: P | AB10: P | AC10: P | AD10: P | AE10: P | AF10: P | AG10: P | AH10: P | AI10: P | AJ10: P | AK10: =COUNTIF(F10:AJ10,"P") -> 31 | AL10: =COUNTIF(F10:AJ10,"L") -> 0 | AM10: =COUNTIF(F10:AJ10,"HD") -> 0 | AN10: =COUNTIF(F10:AJ10,"NH") -> 0 | AO10: =COUNTIF(F10:AJ10,"FH") -> 0 | AP10: =COUNTIF(F10:AJ10,"T") -> 0 | AQ10: =COUNTIF(F10:AJ10,"ML") -> 0 | AR10: =COUNTIF(F10:AJ10,"EL") -> 0 | AS10: 1 | AT10: =COUNTIF(O10:AS10,"SL") -> 0 | AU10: 2 | AV10: =COUNTIF(F10:AJ10,"CL") -> 0 | AW10: 2 | AX10: =AK10+AL10+(AM10+AN10+AO10+AP10+AQ10+AR10+AT10+AV10) -> 31 | AY10: =AX10-AL10-(AM10/2) -> 31
A11: JKT004 | B11: Ranjeetkumar Yadav | C11: 27th Mar 1987 | D11: 14th Sept 2024 | E11: =$B$6 -> September | AK11: =COUNTIF(F11:AJ11,"P") -> 0 | AL11: =COUNTIF(F11:AJ11,"L") -> 0 | AM11: =COUNTIF(F11:AJ11,"HD") -> 0 | AN11: =COUNTIF(F11:AJ11,"NH") -> 0 | AO11: =COUNTIF(F11:AJ11,"FH") -> 0 | AP11: =COUNTIF(F11:AJ11,"T") -> 0 | AQ11: =COUNTIF(F11:AJ11,"ML") -> 0 | AR11: =COUNTIF(F11:AJ11,"EL") -> 0 | AS11: 1 | AT11: =COUNTIF(O11:AS11,"SL") -> 0 | AU11: 2 | AV11: =COUNTIF(F11:AJ11,"CL") -> 0 | AW11: 2 | AX11: =AK11+AL11+(AM11+AN11+AO11+AP11+AQ11+AR11+AT11+AV11) -> 0 | AY11: =AX11-AL11-(AM11/2) -> 0
A12: JKT005 | B12: Santosh Vishwakarma | C12: 4th Jul 1998 | D12: 14th Sept 2024 | E12: =$B$6 -> September | AK12: =COUNTIF(F12:AJ12,"P") -> 0 | AL12: =COUNTIF(F12:AJ12,"L") -> 0 | AM12: =COUNTIF(F12:AJ12,"HD") -> 0 | AN12: =COUNTIF(F12:AJ12,"NH") -> 0 | AO12: =COUNTIF(F12:AJ12,"FH") -> 0 | AP12: =COUNTIF(F12:AJ12,"T") -> 0 | AQ12: =COUNTIF(F12:AJ12,"ML") -> 0 | AR12: =COUNTIF(F12:AJ12,"EL") -> 0 | AS12: 1 | AT12: =COUNTIF(O12:AS12,"SL") -> 0 | AU12: 2 | AV12: =COUNTIF(F12:AJ12,"CL") -> 0 | AW12: 2 | AX12: =AK12+AL12+(AM12+AN12+AO12+AP12+AQ12+AR12+AT12+AV12) -> 0 | AY12: =AX12-AL12-(AM12/2) -> 0
A13: JKT006 | B13: Deepak Borana | C13: 23rd June 2000 | D13: 6th Jan 2025 | E13: =$B$6 -> September | AK13: =COUNTIF(F13:AJ13,"P") -> 0 | AL13: =COUNTIF(F13:AJ13,"L") -> 0 | AM13: =COUNTIF(F13:AJ13,"HD") -> 0 | AN13: =COUNTIF(F13:AJ13,"NH") -> 0 | AO13: =COUNTIF(F13:AJ13,"FH") -> 0 | AP13: =COUNTIF(F13:AJ13,"T") -> 0 | AQ13: =COUNTIF(F13:AJ13,"ML") -> 0 | AR13: =COUNTIF(F13:AJ13,"EL") -> 0 | AS13: 1 | AT13: =COUNTIF(F13:AJ13,"SL") -> 0 | AU13: 2 | AV13: =COUNTIF(F13:AJ13,"CL") -> 0 | AW13: 2 | AX13: =AK13+AL13+(AM13+AN13+AO13+AP13+AQ13+AR13+AT13+AV13) -> 0 | AY13: =AX13-AL13-(AM13/2) -> 0
A14: JKT007 | B14: Jincy Mathew | C14: 19th April 1999 | D14: 13th Jan 2025 | E14: =$B$6 -> September | F14: L | G14: L | H14: L | I14: L | J14: L | K14: L | L14: L | M14: L | N14: P | O14: P | P14: P | Q14: P | R14: L | S14: P | T14: P | U14: P | V14: P | W14: P | X14: P | Y14: P | Z14: P | AA14: P | AB14: P | AC14: P | AD14: P | AE14: P | AF14: P | AG14: P | AH14: P | AI14: P | AJ14: L | AK14: =COUNTIF(F14:AJ14,"P") -> 21 | AL14: =COUNTIF(F14:AJ14,"L") -> 10 | AM14: =COUNTIF(F14:AJ14,"HD") -> 0 | AN14: =COUNTIF(F14:AJ14,"NH") -> 0 | AO14: =COUNTIF(F14:AJ14,"FH") -> 0 | AP14: =COUNTIF(F14:AJ14,"T") -> 0 | AQ14: =COUNTIF(F14:AJ14,"ML") -> 0 | AR14: =COUNTIF(F14:AJ14,"EL") -> 0 | AS14: 1 | AT14: =COUNTIF(F14:AJ14,"SL") -> 0 | AU14: 2 | AV14: =COUNTIF(F14:AJ14,"CL") -> 0 | AW14: 2 | AX14: =AK14+AL14+(AM14+AN14+AO14+AP14+AQ14+AR14+AT14+AV14) -> 31 | AY14: =AX14-AL14-(AM14/2) -> 21
A15: JKT008 | B15: Sanjay Jaiswar | C15: 18th Feb 2002 | D15: 16th Jan 2025 | E15: =$B$6 -> September | F15: P | G15: P | H15: P | I15: P | J15: P | K15: P | L15: P | M15: P | N15: P | O15: P | P15: P | Q15: P | R15: P | S15: P | T15: P | U15: P | V15: P | W15: P | X15: P | Y15: P | Z15: P | AA15: P | AB15: P | AC15: P | AD15: P | AE15: P | AF15: P | AG15: P | AH15: P | AI15: P | AJ15: P | AK15: =COUNTIF(F15:AJ15,"P") -> 31 | AL15: =COUNTIF(F15:AJ15,"L") -> 0 | AM15: =COUNTIF(F15:AJ15,"HD") -> 0 | AN15: =COUNTIF(F15:AJ15,"NH") -> 0 | AO15: =COUNTIF(F15:AJ15,"FH") -> 0 | AP15: =COUNTIF(F15:AJ15,"T") -> 0 | AQ15: =COUNTIF(F15:AJ15,"ML") -> 0 | AR15: =COUNTIF(F15:AJ15,"EL") -> 0 | AS15: 1 | AT15: =COUNTIF(F15:AJ15,"SL") -> 0 | AU15: 2 | AV15: =COUNTIF(F15:AJ15,"CL") -> 0 | AW15: 2 | AX15: =AK15+AL15+(AM15+AN15+AO15+AP15+AQ15+AR15+AT15+AV15) -> 31 | AY15: =AX15-AL15-(AM15/2) -> 31
A16: JKT009 | B16: Chauhan Badal | C16: 12th Mar 2002 | D16: 30th Jan 2025 | E16: =$B$6 -> September | F16: P | G16: P | H16: L | I16: P | J16: P | K16: P | L16: P | M16: P | N16: P | O16: P | P16: P | Q16: P | R16: P | S16: P | T16: P | U16: P | V16: P | W16: P | X16: P | Y16: P | Z16: P | AA16: P | AB16: P | AC16: P | AD16: P | AE16: P | AF16: P | AG16: P | AH16: P | AI16: P | AJ16: P | AK16: =COUNTIF(F16:AJ16,"P") -> 30 | AL16: =COUNTIF(F16:AJ16,"L") -> 1 | AM16: =COUNTIF(F16:AJ16,"HD") -> 0 | AN16: =COUNTIF(F16:AJ16,"NH") -> 0 | AO16: =COUNTIF(F16:AJ16,"FH") -> 0 | AP16: =COUNTIF(F16:AJ16,"T") -> 0 | AQ16: =COUNTIF(F16:AJ16,"ML") -> 0 | AR16: =COUNTIF(F16:AJ16,"EL") -> 0 | AS16: 1 | AT16: =COUNTIF(F16:AJ16,"SL") -> 0 | AU16: 2 | AV16: =COUNTIF(F16:AJ16,"CL") -> 0 | AW16: 2 | AX16: =AK16+AL16+(AM16+AN16+AO16+AP16+AQ16+AR16+AT16+AV16) -> 31 | AY16: =AX16-AL16-(AM16/2) -> 30
A17: JKT010 | B17: Vikas Kotiyan | C17: 18th Sept 1999 | D17: 17th Mar 2025 | E17: =$B$6 -> September | F17: P | G17: P | H17: P | I17: P | J17: P | K17: P | L17: P | M17: P | N17: P | O17: P | P17: P | Q17: P | R17: P | S17: P | T17: P | U17: P | V17: P | W17: P | X17: P | Y17: P | Z17: P | AA17: P | AB17: P | AC17: P | AD17: P | AE17: P | AF17: P | AG17: P | AH17: P | AI17: P | AJ17: P | AK17: =COUNTIF(F17:AJ17,"P") -> 31 | AL17: =COUNTIF(F17:AJ17,"L") -> 0 | AM17: =COUNTIF(F17:AJ17,"HD") -> 0 | AN17: =COUNTIF(F17:AJ17,"NH") -> 0 | AO17: =COUNTIF(F17:AJ17,"FH") -> 0 | AP17: =COUNTIF(F17:AJ17,"T") -> 0 | AQ17: =COUNTIF(F17:AJ17,"ML") -> 0 | AR17: =COUNTIF(F17:AJ17,"EL") -> 0 | AS17: 1 | AT17: =COUNTIF(F17:AJ17,"SL") -> 0 | AU17: 2 | AV17: =COUNTIF(F17:AJ17,"CL") -> 0 | AW17: 2 | AX17: =AK17+AL17+(AM17+AN17+AO17+AP17+AQ17+AR17+AT17+AV17) -> 31 | AY17: =AX17-AL17-(AM17/2) -> 31
A18: JKT011 | B18: Pratibha Tiwari | C18: 14th Feb 2004 | D18: 17th Apr 2025 | E18: =$B$6 -> September | AK18: =COUNTIF(F18:AJ18,"P") -> 0 | AL18: =COUNTIF(F18:AJ18,"L") -> 0 | AM18: =COUNTIF(F18:AJ18,"HD") -> 0 | AN18: =COUNTIF(F18:AJ18,"NH") -> 0 | AO18: =COUNTIF(F18:AJ18,"FH") -> 0 | AP18: =COUNTIF(F18:AJ18,"T") -> 0 | AQ18: =COUNTIF(F18:AJ18,"ML") -> 0 | AR18: =COUNTIF(F18:AJ18,"EL") -> 0 | AS18: 1 | AT18: =COUNTIF(F18:AJ18,"SL") -> 0 | AU18: 2 | AV18: =COUNTIF(F18:AJ18,"CL") -> 0 | AW18: 2 | AX18: =AK18+AL18+(AM18+AN18+AO18+AP18+AQ18+AR18+AT18+AV18) -> 0 | AY18: =AX18-AL18-(AM18/2) -> 0
A19: JKT012 | B19: Anupam Pal | C19: 10th Nov 2001 | D19: 5th May 2025 | E19: =$B$6 -> September | AK19: =COUNTIF(F19:AJ19,"P") -> 0 | AL19: =COUNTIF(F19:AJ19,"L") -> 0 | AM19: =COUNTIF(F19:AJ19,"HD") -> 0 | AN19: =COUNTIF(F19:AJ19,"NH") -> 0 | AO19: =COUNTIF(F19:AJ19,"FH") -> 0 | AP19: =COUNTIF(F19:AJ19,"T") -> 0 | AQ19: =COUNTIF(F19:AJ19,"ML") -> 0 | AR19: =COUNTIF(F19:AJ19,"EL") -> 0 | AS19: 1 | AT19: =COUNTIF(F19:AJ19,"SL") -> 0 | AU19: 2 | AV19: =COUNTIF(F19:AJ19,"CL") -> 0 | AW19: 2 | AX19: =AK19+AL19+(AM19+AN19+AO19+AP19+AQ19+AR19+AT19+AV19) -> 0 | AY19: =AX19-AL19-(AM19/2) -> 0
A20: Daily Attendance | F20: =COUNTIF(F13:F19,"P") -> 3 | G20: =COUNTIF(G13:G19,"P") -> 3 | H20: =COUNTIF(H13:H19,"P") -> 2 | I20: =COUNTIF(I13:I19,"P") -> 3 | J20: =COUNTIF(J13:J19,"P") -> 3 | K20: =COUNTIF(K13:K19,"P") -> 3 | L20: =COUNTIF(L13:L19,"P") -> 3 | M20: =COUNTIF(M13:M19,"P") -> 3 | ... AJ20: =COUNTIF(AJ13:AJ19,"P") -> 3

Sheet Oct '25
E1: JAIKALKI TECHNOLOGY PVT. LTD.
E2: Employee Attendance Sheet
B3: =HLOOKUP(B6,$E$3:$O$4,2,0) -> 10 | E3: January | F3: February | G3: March | H3: April | I3: May | J3: June | K3: July | L3: August | M3: September | N3: October | O3: Novemeber | P3: December
E4: 1 | F4: 2 | G4: 3 | H4: 4 | I4: 5 | J4: 6 | K4: 7 | L4: 8 | M4: 9 | N4: 10 | O4: 11 | P4: 12
A5: Year | B5: 2025 | C5: D O B | D5: D O J | E5: Date | F5: 1 | G5: 2 | H5: 3 | I5: 4 | J5: 5 | K5: 6 | L5: 7 | M5: 8 | N5: 9 | O5: 10 | P5: 11 | Q5: 12 | R5: 13 | S5: 14 | T5: 15 | U5: 16 | V5: 17 | W5: 18 | X5: 19 | Y5: 20 | Z5: 21 | AA5: 22 | AB5: 23 | AC5: 24 | AD5: 25 | AE5: 26 | AF5: 27 | AG5: 28 | AH5: 29 | AI5: 30 | AJ5: 31 | AK5: Monthly Attendance Summary
A6: Month | B6: October | E6: Type of Day | F6: =IF(F7="Sun","H","W") -> W | G6: =IF(G7="Sun","H","W") -> W | H6: =IF(H7="Sun","H","W") -> W | I6: =IF(I7="Sun","H","W") -> W | J6: =IF(J7="Sun","H","W") -> H | K6: =IF(K7="Sun","H","W") -> W | L6: =IF(L7="Sun","H","W") -> W | M6: =IF(M7="Sun","H","W") -> W | ... AJ6: =IF(AJ7="Sun","H","W") -> W
A7: Emp. ID | B7: Employee Name | E7: Month | F7: =IFERROR(TEXT(DATE($B$5,$B$3,F$5),"ddd"),"") -> Wed | G7: =IFERROR(TEXT(DATE($B$5,$B$3,G$5),"ddd"),"") -> Thu | H7: =IFERROR(TEXT(DATE($B$5,$B$3,H$5),"ddd"),"") -> Fri | I7: =IFERROR(TEXT(DATE($B$5,$B$3,I$5),"ddd"),"") -> Sat | J7: =IFERROR(TEXT(DATE($B$5,$B$3,J$5),"ddd"),"") -> Sun | K7: =IFERROR(TEXT(DATE($B$5,$B$3,K$5),"ddd"),"") -> Mon | L7: =IFERROR(TEXT(DATE($B$5,$B$3,L$5),"ddd"),"") -> Tue | M7: =IFERROR(TEXT(DATE($B$5,$B$3,M$5),"ddd"),"") -> Wed | ... AJ7: =IFERROR(TEXT(DATE($B$5,$B$3,AJ$5),"ddd"),"") -> Fri | AK7: P | AL7: L | AM7: HD | AN7: NH | AO7: FH | AP7: T | AQ7: ML | AR7: EL | AS7: EL AL | AT7: SL | AU7: SL AL | AV7: CL | AW7: CL AL | AX7: Working Days | AY7: Days Payable
A8: JKT001 | B8: Shyamveer Singh | C8: 11th Sept 1991 | D8: 14th Sept 2024 | E8: =$B$6 -> October | F8: P | G8: P | H8: P | I8: P | J8: P | K8: P | L8: P | M8: P | N8: P | O8: P | P8: P | Q8: P | R8: P | S8: P | T8: P | U8: P | V8: P | W8: P | X8: P | Y8: P | Z8: P | AA8: P | AB8: P | AC8: P | AD8: P | AE8: P | AF8: P | AG8: P | AH8: P | AI8: P | AJ8: P | AK8: =COUNTIF(F8:AJ8,"P") -> 31 | AL8: =COUNTIF(F8:AJ8,"L") -> 0 | AM8: =COUNTIF(F8:AJ8,"HD") -> 0 | AN8: =COUNTIF(F8:AJ8,"NH") -> 0 | AO8: =COUNTIF(F8:AJ8,"FH") -> 0 | AP8: =COUNTIF(F8:AJ8,"T") -> 0 | AQ8: =COUNTIF(F8:AJ8,"ML") -> 0 | AR8: =COUNTIF(F8:AJ8,"EL") -> 0 | AS8: 1 | AT8: =COUNTIF(O8:AS8,"SL") -> 0 | AU8: 2 | AV8: =COUNTIF(F8:AJ8,"CL") -> 0 | AW8: 2 | AX8: =AK8+AL8+(AM8+AN8+AO8+AP8+AQ8+AR8+AT8+AV8) -> 31 | AY8: =AX8-AL8-(AM8/2) -> 31
A9: JKT002 | B9: Rohitkumar Kannojiya | C9: 10th May 2001 | D9: 14th Sept 2024 | E9: =$B$6 -> October | F9: P | G9: P | H9: P | I9: P | J9: P | K9: P | L9: P | M9: P | N9: P | O9: P | P9: P | Q9: P | R9: P | S9: P | T9: P | U9: P | V9: P | W9: P | X9: P | Y9: P | Z9: P | AA9: P | AB9: P | AC9: P | AD9: P | AE9: P | AF9: P | AG9: P | AH9: P | AI9: P | AJ9: P | AK9: =COUNTIF(F9:AJ9,"P") -> 31 | AL9: =COUNTIF(F9:AJ9,"L") -> 0 | AM9: =COUNTIF(F9:AJ9,"HD") -> 0 | AN9: =COUNTIF(F9:AJ9,"NH") -> 0 | AO9: =COUNTIF(F9:AJ9,"FH") -> 0 | AP9: =COUNTIF(F9:AJ9,"T") -> 0 | AQ9: =COUNTIF(F9:AJ9,"ML") -> 0 | AR9: =COUNTIF(F9:AJ9,"EL") -> 0 | AS9: 1 | AT9: =COUNTIF(O9:AS9,"SL") -> 0 | AU9: 2 | AV9: =COUNTIF(F9:AJ9,"CL") -> 0 | AW9: 2 | AX9: =AK9+AL9+(AM9+AN9+AO9+AP9+AQ9+AR9+AT9+AV9) -> 31 | AY9: =AX9-AL9-(AM9/2) -> 31
A10: JKT003 | B10: Krunal Trivedi | C10: 29th May 1987 | D10: 14th Sept 2024 | E10: =$B$6 -> October | F10: P | G10: P | H10: P | I10: P | J10: P | K10: P | L10: P | M10: P | N10: P | O10: P | P10: P | Q10: P | R10: P | S10: P | T10: P | U10: P | V10: P | W10: P | X10: P | Y10: P | Z10: P | AA10: P | AB10: P | AC10: P | AD10: P | AE10: P | AF10: P | AG10: P | AH10: P | AI10: P | AJ10: P | AK10: =COUNTIF(F10:AJ10,"P") -> 31 | AL10: =COUNTIF(F10:AJ10,"L") -> 0 | AM10: =COUNTIF(F10:AJ10,"HD") -> 0 | AN10: =COUNTIF(F10:AJ10,"NH") -> 0 | AO10: =COUNTIF(F10:AJ10,"FH") -> 0 | AP10: =COUNTIF(F10:AJ10,"T") -> 0 | AQ10: =COUNTIF(F10:AJ10,"ML") -> 0 | AR10: =COUNTIF(F10:AJ10,"EL") -> 0 | AS10: 1 | AT10: =COUNTIF(O10:AS10,"SL") -> 0 | AU10: 2 | AV10: =COUNTIF(F10:AJ10,"CL") -> 0 | AW10: 2 | AX10: =AK10+AL10+(AM10+AN10+AO10+AP10+AQ10+AR10+AT10+AV10) -> 31 | AY10: =AX10-AL10-(AM10/2) -> 31
A11: JKT004 | B11: Ranjeetkumar Yadav | C11: 27th Mar 1987 | D11: 14th Sept 2024 | E11: =$B$6 -> October | AK11: =COUNTIF(F11:AJ11,"P") -> 0 | AL11: =COUNTIF(F11:AJ11,"L") -> 0 | AM11: =COUNTIF(F11:AJ11,"HD") -> 0 | AN11: =COUNTIF(F11:AJ11,"NH") -> 0 | AO11: =COUNTIF(F11:AJ11,"FH") -> 0 | AP11: =COUNTIF(F11:AJ11,"T") -> 0 | AQ11: =COUNTIF(F11:AJ11,"ML") -> 0 | AR11: =COUNTIF(F11:AJ11,"EL") -> 0 | AS11: 1 | AT11: =COUNTIF(O11:AS11,"SL") -> 0 | AU11: 2 | AV11: =COUNTIF(F11:AJ11,"CL") -> 0 | AW11: 2 | AX11: =AK11+AL11+(AM11+AN11+AO11+AP11+AQ11+AR11+AT11+AV11) -> 0 | AY11: =AX11-AL11-(AM11/2) -> 0
A12: JKT005 | B12: Santosh Vishwakarma | C12: 4th Jul 1998 | D12: 14th Sept 2024 | E12: =$B$6 -> October | AK12: =COUNTIF(F12:AJ12,"P") -> 0 | AL12: =COUNTIF(F12:AJ12,"L") -> 0 | AM12: =COUNTIF(F12:AJ12,"HD") -> 0 | AN12: =COUNTIF(F12:AJ12,"NH") -> 0 | AO12: =COUNTIF(F12:AJ12,"FH") -> 0 | AP12: =COUNTIF(F12:AJ12,"T") -> 0 | AQ12: =COUNTIF(F12:AJ12,"ML") -> 0 | AR12: =COUNTIF(F12:AJ12,"EL") -> 0 | AS12: 1 | AT12: =COUNTIF(O12:AS12,"SL") -> 0 | AU12: 2 | AV12: =COUNTIF(F12:AJ12,"CL") -> 0 | AW12: 2 | AX12: =AK12+AL12+(AM12+AN12+AO12+AP12+AQ12+AR12+AT12+AV12) -> 0 | AY12: =AX12-AL12-(AM12/2) -> 0
A13: JKT006 | B13: Deepak Borana | C13: 23rd June 2000 | D13: 6th Jan 2025 | E13: =$B$6 -> October | AK13: =COUNTIF(F13:AJ13,"P") -> 0 | AL13: =COUNTIF(F13:AJ13,"L") -> 0 | AM13: =COUNTIF(F13:AJ13,"HD") -> 0 | AN13: =COUNTIF(F13:AJ13,"NH") -> 0 | AO13: =COUNTIF(F13:AJ13,"FH") -> 0 | AP13: =COUNTIF(F13:AJ13,"T") -> 0 | AQ13: =COUNTIF(F13:AJ13,"ML") -> 0 | AR13: =COUNTIF(F13:AJ13,"EL") -> 0 | AS13: 1 | AT13: =COUNTIF(F13:AJ13,"SL") -> 0 | AU13: 2 | AV13: =COUNTIF(F13:AJ13,"CL") -> 0 | AW13: 2 | AX13: =AK13+AL13+(AM13+AN13+AO13+AP13+AQ13+AR13+AT13+AV13) -> 0 | AY13: =AX13-AL13-(AM13/2) -> 0
A14: JKT007 | B14: Jincy Mathew | C14: 19th April 1999 | D14: 13th Jan 2025 | E14: =$B$6 -> October | F14: P | G14: H | H14: P | I14: L | J14: P | K14: P | L14: P | M14: P | N14: P | O14: P | P14: P | Q14: P | R14: P | S14: P | T14: P | U14: P | V14: P | W14: L | X14: P | Y14: H | Z14: H | AA14: H | AB14: H | AC14: P | AD14: P | AE14: P | AF14: P | AG14: P | AH14: P | AI14: P | AJ14: P | AK14: =COUNTIF(F14:AJ14,"P") -> 24 | AL14: =COUNTIF(F14:AJ14,"L") -> 2 | AM14: =COUNTIF(F14:AJ14,"HD") -> 0 | AN14: =COUNTIF(F14:AJ14,"NH") -> 0 | AO14: =COUNTIF(F14:AJ14,"FH") -> 0 | AP14: =COUNTIF(F14:AJ14,"T") -> 0 | AQ14: =COUNTIF(F14:AJ14,"ML") -> 0 | AR14: =COUNTIF(F14:AJ14,"EL") -> 0 | AS14: 1 | AT14: =COUNTIF(F14:AJ14,"SL") -> 0 | AU14: 2 | AV14: =COUNTIF(F14:AJ14,"CL") -> 0 | AW14: 2 | AX14: =AK14+AL14+(AM14+AN14+AO14+AP14+AQ14+AR14+AT14+AV14) -> 26 | AY14: =AX14-AL14-(AM14/2) -> 24
A15: JKT008 | B15: Sanjay Jaiswar | C15: 18th Feb 2002 | D15: 16th Jan 2025 | E15: =$B$6 -> October | F15: P | G15: H | H15: P | I15: P | J15: P | K15: P | L15: P | M15: P | N15: P | O15: P | P15: P | Q15: P | R15: P | S15: P | T15: P | U15: P | V15: P | W15: P | X15: P | Y15: H | Z15: H | AA15: H | AB15: H | AC15: P | AD15: P | AE15: P | AF15: P | AG15: P | AH15: P | AI15: P | AJ15: P | AK15: =COUNTIF(F15:AJ15,"P") -> 26 | AL15: =COUNTIF(F15:AJ15,"L") -> 0 | AM15: =COUNTIF(F15:AJ15,"HD") -> 0 | AN15: =COUNTIF(F15:AJ15,"NH") -> 0 | AO15: =COUNTIF(F15:AJ15,"FH") -> 0 | AP15: =COUNTIF(F15:AJ15,"T") -> 0 | AQ15: =COUNTIF(F15:AJ15,"ML") -> 0 | AR15: =COUNTIF(F15:AJ15,"EL") -> 0 | AS15: 1 | AT15: =COUNTIF(F15:AJ15,"SL") -> 0 | AU15: 2 | AV15: =COUNTIF(F15:AJ15,"CL") -> 0 | AW15: 2 | AX15: =AK15+AL15+(AM15+AN15+AO15+AP15+AQ15+AR15+AT15+AV15) -> 26 | AY15: =AX15-AL15-(AM15/2) -> 26
A16: JKT009 | B16: Chauhan Badal | C16: 12th Mar 2002 | D16: 30th Jan 2025 | E16: =$B$6 -> October | F16: P | G16: H | H16: P | I16: P | J16: P | K16: P | L16: P | M16: P | N16: P | O16: P | P16: P | Q16: P | R16: P | S16: P | T16: P | U16: P | V16: P | W16: P | X16: P | Y16: H | Z16: H | AA16: H | AB16: H | AC16: P | AD16: P | AE16: P | AF16: P | AG16: P | AH16: P | AI16: P | AJ16: P | AK16: =COUNTIF(F16:AJ16,"P") -> 26 | AL16: =COUNTIF(F16:AJ16,"L") -> 0 | AM16: =COUNTIF(F16:AJ16,"HD") -> 0 | AN16: =COUNTIF(F16:AJ16,"NH") -> 0 | AO16: =COUNTIF(F16:AJ16,"FH") -> 0 | AP16: =COUNTIF(F16:AJ16,"T") -> 0 | AQ16: =COUNTIF(F16:AJ16,"ML") -> 0 | AR16: =COUNTIF(F16:AJ16,"EL") -> 0 | AS16: 1 | AT16: =COUNTIF(F16:AJ16,"SL") -> 0 | AU16: 2 | AV16: =COUNTIF(F16:AJ16,"CL") -> 0 | AW16: 2 | AX16: =AK16+AL16+(AM16+AN16+AO16+AP16+AQ16+AR16+AT16+AV16) -> 26 | AY16: =AX16-AL16-(AM16/2) -> 26
A17: JKT010 | B17: Vikas Kotiyan | C17: 18th Sept 1999 | D17: 17th Mar 2025 | E17: =$B$6 -> October | F17: P | G17: H | H17: P | I17: P | J17: P | K17: P | L17: P | M17: P | N17: P | O17: P | P17: P | Q17: P | R17: P | S17: P | T17: P | U17: P | V17: L | W17: P | X17: P | Y17: H | Z17: H | AA17: H | AB17: H | AC17: P | AD17: P | AE17: P | AF17: P | AG17: P | AH17: P | AI17: P | AJ17: P | AK17: =COUNTIF(F17:AJ17,"P") -> 25 | AL17: =COUNTIF(F17:AJ17,"L") -> 1 | AM17: =COUNTIF(F17:AJ17,"HD") -> 0 | AN17: =COUNTIF(F17:AJ17,"NH") -> 0 | AO17: =COUNTIF(F17:AJ17,"FH") -> 0 | AP17: =COUNTIF(F17:AJ17,"T") -> 0 | AQ17: =COUNTIF(F17:AJ17,"ML") -> 0 | AR17: =COUNTIF(F17:AJ17,"EL") -> 0 | AS17: 1 | AT17: =COUNTIF(F17:AJ17,"SL") -> 0 | AU17: 2 | AV17: =COUNTIF(F17:AJ17,"CL") -> 0 | AW17: 2 | AX17: =AK17+AL17+(AM17+AN17+AO17+AP17+AQ17+AR17+AT17+AV17) -> 26 | AY17: =AX17-AL17-(AM17/2) -> 25
B18: Pratibha Tiwari | C18: 14th Feb 2004 | D18: 17th Apr 2025 | E18: =$B$6 -> October | AK18: =COUNTIF(F18:AJ18,"P") -> 0 | AL18: =COUNTIF(F18:AJ18,"L") -> 0 | AM18: =COUNTIF(F18:AJ18,"HD") -> 0 | AN18: =COUNTIF(F18:AJ18,"NH") -> 0 | AO18: =COUNTIF(F18:AJ18,"FH") -> 0 | AP18: =COUNTIF(F18:AJ18,"T") -> 0 | AQ18: =COUNTIF(F18:AJ18,"ML") -> 0 | AR18: =COUNTIF(F18:AJ18,"EL") -> 0 | AS18: 1 | AT18: =COUNTIF(F18:AJ18,"SL") -> 0 | AU18: 2 | AV18: =COUNTIF(F18:AJ18,"CL") -> 0 | AW18: 2 | AX18: =AK18+AL18+(AM18+AN18+AO18+AP18+AQ18+AR18+AT18+AV18) -> 0 | AY18: =AX18-AL18-(AM18/2) -> 0
B19: Anupam Pal | C19: 10th Nov 2001 | D19: 5th May 2025 | E19: =$B$6 -> October | AK19: =COUNTIF(F19:AJ19,"P") -> 0 | AL19: =COUNTIF(F19:AJ19,"L") -> 0 | AM19: =COUNTIF(F19:AJ19,"HD") -> 0 | AN19: =COUNTIF(F19:AJ19,"NH") -> 0 | AO19: =COUNTIF(F19:AJ19,"FH") -> 0 | AP19: =COUNTIF(F19:AJ19,"T") -> 0 | AQ19: =COUNTIF(F19:AJ19,"ML") -> 0 | AR19: =COUNTIF(F19:AJ19,"EL") -> 0 | AS19: 1 | AT19: =COUNTIF(F19:AJ19,"SL") -> 0 | AU19: 2 | AV19: =COUNTIF(F19:AJ19,"CL") -> 0 | AW19: 2 | AX19: =AK19+AL19+(AM19+AN19+AO19+AP19+AQ19+AR19+AT19+AV19) -> 0 | AY19: =AX19-AL19-(AM19/2) -> 0
A20: Daily Attendance | F20: =COUNTIF(F13:F19,"P") -> 4 | G20: =COUNTIF(G13:G19,"P") -> 0 | H20: =COUNTIF(H13:H19,"P") -> 4 | I20: =COUNTIF(I13:I19,"P") -> 3 | J20: =COUNTIF(J13:J19,"P") -> 4 | K20: =COUNTIF(K13:K19,"P") -> 4 | L20: =COUNTIF(L13:L19,"P") -> 4 | M20: =COUNTIF(M13:M19,"P") -> 4 | ... AJ20: =COUNTIF(AJ13:AJ19,"P") -> 4

Sheet Nov '25
E1: JAIKALKI TECHNOLOGY PVT. LTD.
E2: Employee Attendance Sheet
B3: =HLOOKUP(B6,$E$3:$O$4,2,0) -> 11 | E3: January | F3: February | G3: March | H3: April | I3: May | J3: June | K3: July | L3: August | M3: September | N3: October | O3: Novemeber | P3: December
E4: 1 | F4: 2 | G4: 3 | H4: 4 | I4: 5 | J4: 6 | K4: 7 | L4: 8 | M4: 9 | N4: 10 | O4: 11 | P4: 12
A5: Year | B5: 2025 | C5: D O B | D5: D O J | E5: Date | F5: 1 | G5: 2 | H5: 3 | I5: 4 | J5: 5 | K5: 6 | L5: 7 | M5: 8 | N5: 9 | O5: 10 | P5: 11 | Q5: 12 | R5: 13 | S5: 14 | T5: 15 | U5: 16 | V5: 17 | W5: 18 | X5: 19 | Y5: 20 | Z5: 21 | AA5: 22 | AB5: 23 | AC5: 24 | AD5: 25 | AE5: 26 | AF5: 27 | AG5: 28 | AH5: 29 | AI5: 30 | AJ5: 31 | AK5: Monthly Attendance Summary
A6: Month | B6: Novemeber | E6: Type of Day | F6: =IF(F7="Sun","H","W") -> W | G6: =IF(G7="Sun","H","W") -> H | H6: =IF(H7="Sun","H","W") -> W | I6: =IF(I7="Sun","H","W") -> W | J6: =IF(J7="Sun","H","W") -> W | K6: =IF(K7="Sun","H","W") -> W | L6: =IF(L7="Sun","H","W") -> W | M6: =IF(M7="Sun","H","W") -> W | ... AJ6: =IF(AJ7="Sun","H","W") -> W
A7: Emp. ID | B7: Employee Name | E7: Month | F7: =IFERROR(TEXT(DATE($B$5,$B$3,F$5),"ddd"),"") -> Sat | G7: =IFERROR(TEXT(DATE($B$5,$B$3,G$5),"ddd"),"") -> Sun | H7: =IFERROR(TEXT(DATE($B$5,$B$3,H$5),"ddd"),"") -> Mon | I7: =IFERROR(TEXT(DATE($B$5,$B$3,I$5),"ddd"),"") -> Tue | J7: =IFERROR(TEXT(DATE($B$5,$B$3,J$5),"ddd"),"") -> Wed | K7: =IFERROR(TEXT(DATE($B$5,$B$3,K$5),"ddd"),"") -> Thu | L7: =IFERROR(TEXT(DATE($B$5,$B$3,L$5),"ddd"),"") -> Fri | M7: =IFERROR(TEXT(DATE($B$5,$B$3,M$5),"ddd"),"") -> Sat | ... AJ7: =IFERROR(TEXT(DATE($B$5,$B$3,AJ$5),"ddd"),"") -> Mon | AK7: P | AL7: L | AM7: HD | AN7: NH | AO7: FH | AP7: T | AQ7: ML | AR7: EL | AS7: EL AL | AT7: SL | AU7: SL AL | AV7: CL | AW7: CL AL | AX7: Working Days | AY7: Days Payable
A8: JKT001 | B8: Shyamveer Singh | C8: 11th Sept 1991 | D8: 14th Sept 2024 | E8: =$B$6 -> Novemeber | F8: P | G8: P | H8: P | I8: P | J8: P | K8: P | L8: P | M8: P | N8: P | O8: P | P8: P | Q8: P | R8: P | S8: P | T8: P | U8: P | V8: P | W8: P | X8: P | Y8: P | Z8: P | AA8: P | AB8: P | AC8: P | AD8: P | AE8: P | AF8: P | AG8: P | AH8: P | AI8: P | AJ8: P | AK8: =COUNTIF(F8:AJ8,"P") -> 31 | AL8: =COUNTIF(F8:AJ8,"L") -> 0 | AM8: =COUNTIF(F8:AJ8,"HD") -> 0 | AN8: =COUNTIF(F8:AJ8,"NH") -> 0 | AO8: =COUNTIF(F8:AJ8,"FH") -> 0 | AP8: =COUNTIF(F8:AJ8,"T") -> 0 | AQ8: =COUNTIF(F8:AJ8,"ML") -> 0 | AR8: =COUNTIF(F8:AJ8,"EL") -> 0 | AS8: 1 | AT8: =COUNTIF(O8:AS8,"SL") -> 0 | AU8: 2 | AV8: =COUNTIF(F8:AJ8,"CL") -> 0 | AW8: 2 | AX8: =AK8+AL8+(AM8+AN8+AO8+AP8+AQ8+AR8+AT8+AV8) -> 31 | AY8: =AX8-AL8-(AM8/2) -> 31
A9: JKT002 | B9: Rohitkumar Kannojiya | C9: 10th May 2001 | D9: 14th Sept 2024 | E9: =$B$6 -> Novemeber | F9: P | G9: P | H9: P | I9: P | J9: P | K9: P | L9: P | M9: P | N9: P | O9: P | P9: P | Q9: P | R9: P | S9: P | T9: P | U9: P | V9: P | W9: P | X9: P | Y9: P | Z9: P | AA9: P | AB9: P | AC9: P | AD9: P | AE9: P | AF9: P | AG9: P | AH9: P | AI9: P | AJ9: P | AK9: =COUNTIF(F9:AJ9,"P") -> 31 | AL9: =COUNTIF(F9:AJ9,"L") -> 0 | AM9: =COUNTIF(F9:AJ9,"HD") -> 0 | AN9: =COUNTIF(F9:AJ9,"NH") -> 0 | AO9: =COUNTIF(F9:AJ9,"FH") -> 0 | AP9: =COUNTIF(F9:AJ9,"T") -> 0 | AQ9: =COUNTIF(F9:AJ9,"ML") -> 0 | AR9: =COUNTIF(F9:AJ9,"EL") -> 0 | AS9: 1 | AT9: =COUNTIF(O9:AS9,"SL") -> 0 | AU9: 2 | AV9: =COUNTIF(F9:AJ9,"CL") -> 0 | AW9: 2 | AX9: =AK9+AL9+(AM9+AN9+AO9+AP9+AQ9+AR9+AT9+AV9) -> 31 | AY9: =AX9-AL9-(AM9/2) -> 31
A10: JKT003 | B10: Krunal Trivedi | C10: 29th May 1987 | D10: 14th Sept 2024 | E10: =$B$6 -> Novemeber | F10: P | G10: P | H10: P | I10: P | J10: P | K10: P | L10: P | M10: P | N10: P | O10: P | P10: P | Q10: P | R10: P | S10: P | T10: P | U10: P | V10: P | W10: P | X10: P | Y10: P | Z10: P | AA10: P | AB10: P | AC10: P | AD10: P | AE10: P | AF10: P | AG10: P | AH10: P | AI10: P | AJ10: P | AK10: =COUNTIF(F10:AJ10,"P") -> 31 | AL10: =COUNTIF(F10:AJ10,"L") -> 0 | AM10: =COUNTIF(F10:AJ10,"HD") -> 0 | AN10: =COUNTIF(F10:AJ10,"NH") -> 0 | AO10: =COUNTIF(F10:AJ10,"FH") -> 0 | AP10: =COUNTIF(F10:AJ10,"T") -> 0 | AQ10: =COUNTIF(F10:AJ10,"ML") -> 0 | AR10: =COUNTIF(F10:AJ10,"EL") -> 0 | AS10: 1 | AT10: =COUNTIF(O10:AS10,"SL") -> 0 | AU10: 2 | AV10: =COUNTIF(F10:AJ10,"CL") -> 0 | AW10: 2 | AX10: =AK10+AL10+(AM10+AN10+AO10+AP10+AQ10+AR10+AT10+AV10) -> 31 | AY10: =AX10-AL10-(AM10/2) -> 31
A11: JKT004 | B11: Ranjeetkumar Yadav | C11: 27th Mar 1987 | D11: 14th Sept 2024 | E11: =$B$6 -> Novemeber | AK11: =COUNTIF(F11:AJ11,"P") -> 0 | AL11: =COUNTIF(F11:AJ11,"L") -> 0 | AM11: =COUNTIF(F11:AJ11,"HD") -> 0 | AN11: =COUNTIF(F11:AJ11,"NH") -> 0 | AO11: =COUNTIF(F11:AJ11,"FH") -> 0 | AP11: =COUNTIF(F11:AJ11,"T") -> 0 | AQ11: =COUNTIF(F11:AJ11,"ML") -> 0 | AR11: =COUNTIF(F11:AJ11,"EL") -> 0 | AS11: 1 | AT11: =COUNTIF(O11:AS11,"SL") -> 0 | AU11: 2 | AV11: =COUNTIF(F11:AJ11,"CL") -> 0 | AW11: 2 | AX11: =AK11+AL11+(AM11+AN11+AO11+AP11+AQ11+AR11+AT11+AV11) -> 0 | AY11: =AX11-AL11-(AM11/2) -> 0
A12: JKT005 | B12: Santosh Vishwakarma | C12: 4th Jul 1998 | D12: 14th Sept 2024 | E12: =$B$6 -> Novemeber | AK12: =COUNTIF(F12:AJ12,"P") -> 0 | AL12: =COUNTIF(F12:AJ12,"L") -> 0 | AM12: =COUNTIF(F12:AJ12,"HD") -> 0 | AN12: =COUNTIF(F12:AJ12,"NH") -> 0 | AO12: =COUNTIF(F12:AJ12,"FH") -> 0 | AP12: =COUNTIF(F12:AJ12,"T") -> 0 | AQ12: =COUNTIF(F12:AJ12,"ML") -> 0 | AR12: =COUNTIF(F12:AJ12,"EL") -> 0 | AS12: 1 | AT12: =COUNTIF(O12:AS12,"SL") -> 0 | AU12: 2 | AV12: =COUNTIF(F12:AJ12,"CL") -> 0 | AW12: 2 | AX12: =AK12+AL12+(AM12+AN12+AO12+AP12+AQ12+AR12+AT12+AV12) -> 0 | AY12: =AX12-AL12-(AM12/2) -> 0
A13: JKT006 | B13: Deepak Borana | C13: 23rd June 2000 | D13: 6th Jan 2025 | E13: =$B$6 -> Novemeber | AK13: =COUNTIF(F13:AJ13,"P") -> 0 | AL13: =COUNTIF(F13:AJ13,"L") -> 0 | AM13: =COUNTIF(F13:AJ13,"HD") -> 0 | AN13: =COUNTIF(F13:AJ13,"NH") -> 0 | AO13: =COUNTIF(F13:AJ13,"FH") -> 0 | AP13: =COUNTIF(F13:AJ13,"T") -> 0 | AQ13: =COUNTIF(F13:AJ13,"ML") -> 0 | AR13: =COUNTIF(F13:AJ13,"EL") -> 0 | AS13: 1 | AT13: =COUNTIF(F13:AJ13,"SL") -> 0 | AU13: 2 | AV13: =COUNTIF(F13:AJ13,"CL") -> 0 | AW13: 2 | AX13: =AK13+AL13+(AM13+AN13+AO13+AP13+AQ13+AR13+AT13+AV13) -> 0 | AY13: =AX13-AL13-(AM13/2) -> 0
A14: JKT007 | B14: Jincy Mathew | C14: 19th April 1999 | D14: 13th Jan 2025 | E14: =$B$6 -> Novemeber | F14: P | G14: P | H14: P | I14: P | J14: P | K14: P | L14: P | M14: L | N14: P | O14: P | P14: P | Q14: P | R14: P | S14: P | T14: P | U14: P | V14: P | W14: P | X14: P | Y14: P | Z14: P | AA14: L | AB14: P | AC14: P | AD14: P | AE14: P | AF14: P | AG14: P | AH14: L | AI14: P | AJ14: P | AK14: =COUNTIF(F14:AJ14,"P") -> 28 | AL14: =COUNTIF(F14:AJ14,"L") -> 3 | AM14: =COUNTIF(F14:AJ14,"HD") -> 0 | AN14: =COUNTIF(F14:AJ14,"NH") -> 0 | AO14: =COUNTIF(F14:AJ14,"FH") -> 0 | AP14: =COUNTIF(F14:AJ14,"T") -> 0 | AQ14: =COUNTIF(F14:AJ14,"ML") -> 0 | AR14: =COUNTIF(F14:AJ14,"EL") -> 0 | AS14: 1 | AT14: =COUNTIF(F14:AJ14,"SL") -> 0 | AU14: 2 | AV14: =COUNTIF(F14:AJ14,"CL") -> 0 | AW14: 2 | AX14: =AK14+AL14+(AM14+AN14+AO14+AP14+AQ14+AR14+AT14+AV14) -> 31 | AY14: =AX14-AL14-(AM14/2) -> 28
A15: JKT008 | B15: Sanjay Jaiswar | C15: 18th Feb 2002 | D15: 16th Jan 2025 | E15: =$B$6 -> Novemeber | F15: P | G15: P | H15: P | I15: P | J15: P | K15: P | L15: P | M15: P | N15: P | O15: P | P15: P | Q15: P | R15: P | S15: P | T15: P | U15: P | V15: P | W15: P | X15: P | Y15: P | Z15: P | AA15: P | AB15: P | AC15: P | AD15: P | AE15: P | AF15: P | AG15: P | AH15: P | AI15: P | AJ15: P | AK15: =COUNTIF(F15:AJ15,"P") -> 31 | AL15: =COUNTIF(F15:AJ15,"L") -> 0 | AM15: =COUNTIF(F15:AJ15,"HD") -> 0 | AN15: =COUNTIF(F15:AJ15,"NH") -> 0 | AO15: =COUNTIF(F15:AJ15,"FH") -> 0 | AP15: =COUNTIF(F15:AJ15,"T") -> 0 | AQ15: =COUNTIF(F15:AJ15,"ML") -> 0 | AR15: =COUNTIF(F15:AJ15,"EL") -> 0 | AS15: 1 | AT15: =COUNTIF(F15:AJ15,"SL") -> 0 | AU15: 2 | AV15: =COUNTIF(F15:AJ15,"CL") -> 0 | AW15: 2 | AX15: =AK15+AL15+(AM15+AN15+AO15+AP15+AQ15+AR15+AT15+AV15) -> 31 | AY15: =AX15-AL15-(AM15/2) -> 31
A16: JKT009 | B16: Chauhan Badal | C16: 12th Mar 2002 | D16: 30th Jan 2025 | E16: =$B$6 -> Novemeber | F16: P | G16: P | H16: P | I16: P | J16: P | K16: P | L16: P | M16: P | AJ16: P | AK16: =COUNTIF(F16:AJ16,"P") -> 9 | AL16: =COUNTIF(F16:AJ16,"L") -> 0 | AM16: =COUNTIF(F16:AJ16,"HD") -> 0 | AN16: =COUNTIF(F16:AJ16,"NH") -> 0 | AO16: =COUNTIF(F16:AJ16,"FH") -> 0 | AP16: =COUNTIF(F16:AJ16,"T") -> 0 | AQ16: =COUNTIF(F16:AJ16,"ML") -> 0 | AR16: =COUNTIF(F16:AJ16,"EL") -> 0 | AS16: 1 | AT16: =COUNTIF(F16:AJ16,"SL") -> 0 | AU16: 2 | AV16: =COUNTIF(F16:AJ16,"CL") -> 0 | AW16: 2 | AX16: =AK16+AL16+(AM16+AN16+AO16+AP16+AQ16+AR16+AT16+AV16) -> 9 | AY16: =AX16-AL16-(AM16/2) -> 9
A17: JKT010 | B17: Vikas Kotiyan | C17: 18th Sept 1999 | D17: 17th Mar 2025 | E17: =$B$6 -> Novemeber | F17: P | G17: P | H17: P | I17: P | J17: P | K17: P | L17: P | M17: P | N17: P | O17: P | P17: P | Q17: P | R17: P | S17: P | T17: P | U17: P | V17: P | W17: P | X17: P | Y17: P | Z17: P | AA17: P | AB17: P | AC17: P | AD17: P | AE17: P | AF17: P | AG17: P | AH17: P | AI17: P | AJ17: P | AK17: =COUNTIF(F17:AJ17,"P") -> 31 | AL17: =COUNTIF(F17:AJ17,"L") -> 0 | AM17: =COUNTIF(F17:AJ17,"HD") -> 0 | AN17: =COUNTIF(F17:AJ17,"NH") -> 0 | AO17: =COUNTIF(F17:AJ17,"FH") -> 0 | AP17: =COUNTIF(F17:AJ17,"T") -> 0 | AQ17: =COUNTIF(F17:AJ17,"ML") -> 0 | AR17: =COUNTIF(F17:AJ17,"EL") -> 0 | AS17: 1 | AT17: =COUNTIF(F17:AJ17,"SL") -> 0 | AU17: 2 | AV17: =COUNTIF(F17:AJ17,"CL") -> 0 | AW17: 2 | AX17: =AK17+AL17+(AM17+AN17+AO17+AP17+AQ17+AR17+AT17+AV17) -> 31 | AY17: =AX17-AL17-(AM17/2) -> 31
B18: Pratibha Tiwari | C18: 14th Feb 2004 | D18: 17th Apr 2025 | E18: =$B$6 -> Novemeber | AK18: =COUNTIF(F18:AJ18,"P") -> 0 | AL18: =COUNTIF(F18:AJ18,"L") -> 0 | AM18: =COUNTIF(F18:AJ18,"HD") -> 0 | AN18: =COUNTIF(F18:AJ18,"NH") -> 0 | AO18: =COUNTIF(F18:AJ18,"FH") -> 0 | AP18: =COUNTIF(F18:AJ18,"T") -> 0 | AQ18: =COUNTIF(F18:AJ18,"ML") -> 0 | AR18: =COUNTIF(F18:AJ18,"EL") -> 0 | AS18: 1 | AT18: =COUNTIF(F18:AJ18,"SL") -> 0 | AU18: 2 | AV18: =COUNTIF(F18:AJ18,"CL") -> 0 | AW18: 2 | AX18: =AK18+AL18+(AM18+AN18+AO18+AP18+AQ18+AR18+AT18+AV18) -> 0 | AY18: =AX18-AL18-(AM18/2) -> 0
B19: Anupam Pal | C19: 10th Nov 2001 | D19: 5th May 2025 | E19: =$B$6 -> Novemeber | AK19: =COUNTIF(F19:AJ19,"P") -> 0 | AL19: =COUNTIF(F19:AJ19,"L") -> 0 | AM19: =COUNTIF(F19:AJ19,"HD") -> 0 | AN19: =COUNTIF(F19:AJ19,"NH") -> 0 | AO19: =COUNTIF(F19:AJ19,"FH") -> 0 | AP19: =COUNTIF(F19:AJ19,"T") -> 0 | AQ19: =COUNTIF(F19:AJ19,"ML") -> 0 | AR19: =COUNTIF(F19:AJ19,"EL") -> 0 | AS19: 1 | AT19: =COUNTIF(F19:AJ19,"SL") -> 0 | AU19: 2 | AV19: =COUNTIF(F19:AJ19,"CL") -> 0 | AW19: 2 | AX19: =AK19+AL19+(AM19+AN19+AO19+AP19+AQ19+AR19+AT19+AV19) -> 0 | AY19: =AX19-AL19-(AM19/2) -> 0
A20: JKT011 | B20: Ruma Ramchandar Jaiswar | C20: 16th Sept 2003 | D20: 10th Nov 2025 | E20: =$B$6 -> Novemeber | O20: P | P20: P | Q20: P | R20: P | S20: P | T20: P | U20: P | V20: P | W20: P | X20: P | Y20: P | Z20: L | AA20: P | AB20: P | AC20: P | AD20: P | AE20: P | AF20: P | AG20: P | AH20: L | AI20: P | AK20: =COUNTIF(F20:AJ20,"P") -> 19 | AL20: =COUNTIF(F20:AJ20,"L") -> 2 | AM20: =COUNTIF(F20:AJ20,"HD") -> 0 | AN20: =COUNTIF(F20:AJ20,"NH") -> 0 | AO20: =COUNTIF(F20:AJ20,"FH") -> 0 | AP20: =COUNTIF(F20:AJ20,"T") -> 0 | AQ20: =COUNTIF(F20:AJ20,"ML") -> 0 | AR20: =COUNTIF(F20:AJ20,"EL") -> 0 | AS20: 1 | AT20: =COUNTIF(F20:AJ20,"SL") -> 0 | AU20: 2 | AV20: =COUNTIF(F20:AJ20,"CL") -> 0 | AW20: 2 | AX20: =AK20+AL20+(AM20+AN20+AO20+AP20+AQ20+AR20+AT20+AV20) -> 21 | AY20: =AX20-AL20-(AM20/2) -> 19
A21: Daily Attendance | F21: =COUNTIF(F13:F20,"P") -> 4 | G21: =COUNTIF(G13:G20,"P") -> 4 | H21: =COUNTIF(H13:H20,"P") -> 4 | I21: =COUNTIF(I13:I20,"P") -> 4 | J21: =COUNTIF(J13:J20,"P") -> 4 | K21: =COUNTIF(K13:K20,"P") -> 4 | L21: =COUNTIF(L13:L20,"P") -> 4 | M21: =COUNTIF(M13:M20,"P") -> 3 | ... AJ21: =COUNTIF(AJ13:AJ20,"P") -> 4

Sheet Dec '25
F1: JAIKALKI TECHNOLOGY PVT. LTD.
F2: Employee Attendance Sheet
C3: =HLOOKUP(C6,$F$3:$Q$4,2,0) -> 12 | F3: January | G3: February | H3: March | I3: April | J3: May | K3: June | L3: July | M3: August | N3: September | O3: October | P3: Novemeber | Q3: December
F4: 1 | G4: 2 | H4: 3 | I4: 4 | J4: 5 | K4: 6 | L4: 7 | M4: 8 | N4: 9 | O4: 10 | P4: 11 | Q4: 12
B5: Year | C5: 2025 | D5: D O B | E5: D O J / D O E | F5: Date | G5: 1 | H5: 2 | I5: 3 | J5: 4 | K5: 5 | L5: 6 | M5: 7 | N5: 8 | O5: 9 | P5: 10 | Q5: 11 | R5: 12 | S5: 13 | T5: 14 | U5: 15 | V5: 16 | W5: 17 | X5: 18 | Y5: 19 | Z5: 20 | AA5: 21 | AB5: 22 | AC5: 23 | AD5: 24 | AE5: 25 | AF5: 26 | AG5: 27 | AH5: 28 | AI5: 29 | AJ5: 30 | AK5: 31 | AL5: Monthly Attendance Summary
B6: Month | C6: December | F6: Type of Day | G6: =IF(G7="Sun","H","W") -> W | H6: =IF(H7="Sun","H","W") -> W | I6: =IF(I7="Sun","H","W") -> W | J6: =IF(J7="Sun","H","W") -> W | K6: =IF(K7="Sun","H","W") -> W | L6: =IF(L7="Sun","H","W") -> W | M6: =IF(M7="Sun","H","W") -> H | N6: =IF(N7="Sun","H","W") -> W | ... AK6: =IF(AK7="Sun","H","W") -> W
A7: In-hand Salary | B7: Emp. ID | C7: Employee Name | F7: Month | G7: =IFERROR(TEXT(DATE($C$5,$C$3,G$5),"ddd"),"") -> Mon | H7: =IFERROR(TEXT(DATE($C$5,$C$3,H$5),"ddd"),"") -> Tue | I7: =IFERROR(TEXT(DATE($C$5,$C$3,I$5),"ddd"),"") -> Wed | J7: =IFERROR(TEXT(DATE($C$5,$C$3,J$5),"ddd"),"") -> Thu | K7: =IFERROR(TEXT(DATE($C$5,$C$3,K$5),"ddd"),"") -> Fri | L7: =IFERROR(TEXT(DATE($C$5,$C$3,L$5),"ddd"),"") -> Sat | M7: =IFERROR(TEXT(DATE($C$5,$C$3,M$5),"ddd"),"") -> Sun | N7: =IFERROR(TEXT(DATE($C$5,$C$3,N$5),"ddd"),"") -> Mon | ... AK7: =IFERROR(TEXT(DATE($C$5,$C$3,AK$5),"ddd"),"") -> Wed | AL7: P | AM7: L | AN7: HD | AO7: NH | AP7: FH | AQ7: T | AR7: ML | AS7: EL | AT7: EL AL | AU7: SL | AV7: SL AL | AW7: CL | AX7: CL AL | AY7: Working Days | AZ7: Days Payable
A8: 40000 | B8: JKT001 | C8: Shyamveer Singh | D8: 11th Sept 1991 | E8: 14th Sept 2024 | F8: =$C$6 -> December | G8: P | H8: P | I8: P | J8: P | K8: P | L8: P | M8: P | N8: P | O8: P | P8: P | Q8: P | R8: P | S8: P | T8: P | U8: P | V8: P | W8: P | X8: P | Y8: P | Z8: P | AA8: P | AB8: P | AC8: P | AD8: P | AE8: P | AF8: P | AG8: P | AH8: P | AI8: P | AJ8: P | AK8: P | AL8: =COUNTIF(G8:AK8,"P") -> 31 | AM8: =COUNTIF(G8:AK8,"L") -> 0 | AN8: =COUNTIF(G8:AK8,"HD") -> 0 | AO8: =COUNTIF(G8:AK8,"NH") -> 0 | AP8: =COUNTIF(G8:AK8,"FH") -> 0 | AQ8: =COUNTIF(G8:AK8,"T") -> 0 | AR8: =COUNTIF(G8:AK8,"ML") -> 0 | AS8: =COUNTIF(G8:AK8,"EL") -> 0 | AT8: 1 | AU8: =COUNTIF(P8:AT8,"SL") -> 0 | AV8: 2 | AW8: =COUNTIF(G8:AK8,"CL") -> 0 | AX8: 2 | AY8: =AL8+AM8+(AN8+AO8+AP8+AQ8+AR8+AS8+AU8+AW8) -> 31 | AZ8: =AY8-AM8-(AN8/2) -> 31
A9: 40000 | B9: JKT002 | C9: Rohitkumar Kannojiya | D9: 10th May 2001 | E9: 14th Sept 2024 | F9: =$C$6 -> December | G9: P | H9: P | I9: P | J9: P | K9: P | L9: P | M9: P | N9: P | O9: P | P9: P | Q9: P | R9: P | S9: P | T9: P | U9: P | V9: P | W9: P | X9: P | Y9: P | Z9: P | AA9: P | AB9: P | AC9: P | AD9: P | AE9: P | AF9: P | AG9: P | AH9: P | AI9: P | AJ9: P | AK9: P | AL9: =COUNTIF(G9:AK9,"P") -> 31 | AM9: =COUNTIF(G9:AK9,"L") -> 0 | AN9: =COUNTIF(G9:AK9,"HD") -> 0 | AO9: =COUNTIF(G9:AK9,"NH") -> 0 | AP9: =COUNTIF(G9:AK9,"FH") -> 0 | AQ9: =COUNTIF(G9:AK9,"T") -> 0 | AR9: =COUNTIF(G9:AK9,"ML") -> 0 | AS9: =COUNTIF(G9:AK9,"EL") -> 0 | AT9: 1 | AU9: =COUNTIF(P9:AT9,"SL") -> 0 | AV9: 2 | AW9: =COUNTIF(G9:AK9,"CL") -> 0 | AX9: 2 | AY9: =AL9+AM9+(AN9+AO9+AP9+AQ9+AR9+AS9+AU9+AW9) -> 31 | AZ9: =AY9-AM9-(AN9/2) -> 31
A10: 40000 | B10: JKT003 | C10: Krunal Trivedi | D10: 29th May 1987 | E10: 14th Sept 2024 | F10: =$C$6 -> December | G10: P | H10: P | I10: P | J10: P | K10: P | L10: P | M10: P | N10: P | O10: P | P10: P | Q10: P | R10: P | S10: P | T10: P | U10: P | V10: P | W10: P | X10: P | Y10: P | Z10: P | AA10: P | AB10: P | AC10: P | AD10: P | AE10: P | AF10: P | AG10: P | AH10: P | AI10: P | AJ10: P | AK10: P | AL10: =COUNTIF(G10:AK10,"P") -> 31 | AM10: =COUNTIF(G10:AK10,"L") -> 0 | AN10: =COUNTIF(G10:AK10,"HD") -> 0 | AO10: =COUNTIF(G10:AK10,"NH") -> 0 | AP10: =COUNTIF(G10:AK10,"FH") -> 0 | AQ10: =COUNTIF(G10:AK10,"T") -> 0 | AR10: =COUNTIF(G10:AK10,"ML") -> 0 | AS10: =COUNTIF(G10:AK10,"EL") -> 0 | AT10: 1 | AU10: =COUNTIF(P10:AT10,"SL") -> 0 | AV10: 2 | AW10: =COUNTIF(G10:AK10,"CL") -> 0 | AX10: 2 | AY10: =AL10+AM10+(AN10+AO10+AP10+AQ10+AR10+AS10+AU10+AW10) -> 31 | AZ10: =AY10-AM10-(AN10/2) -> 31
B11: JKT004 | C11: Ranjeetkumar Yadav | D11: 27th Mar 1987 | E11: 14th Sept 2024 | F11: =$C$6 -> December | AL11: =COUNTIF(G11:AK11,"P") -> 0 | AM11: =COUNTIF(G11:AK11,"L") -> 0 | AN11: =COUNTIF(G11:AK11,"HD") -> 0 | AO11: =COUNTIF(G11:AK11,"NH") -> 0 | AP11: =COUNTIF(G11:AK11,"FH") -> 0 | AQ11: =COUNTIF(G11:AK11,"T") -> 0 | AR11: =COUNTIF(G11:AK11,"ML") -> 0 | AS11: =COUNTIF(G11:AK11,"EL") -> 0 | AT11: 1 | AU11: =COUNTIF(P11:AT11,"SL") -> 0 | AV11: 2 | AW11: =COUNTIF(G11:AK11,"CL") -> 0 | AX11: 2 | AY11: =AL11+AM11+(AN11+AO11+AP11+AQ11+AR11+AS11+AU11+AW11) -> 0 | AZ11: =AY11-AM11-(AN11/2) -> 0
B12: JKT005 | C12: Santosh Vishwakarma | D12: 4th Jul 1998 | E12: 14th Sept 2024 | F12: =$C$6 -> December | AL12: =COUNTIF(G12:AK12,"P") -> 0 | AM12: =COUNTIF(G12:AK12,"L") -> 0 | AN12: =COUNTIF(G12:AK12,"HD") -> 0 | AO12: =COUNTIF(G12:AK12,"NH") -> 0 | AP12: =COUNTIF(G12:AK12,"FH") -> 0 | AQ12: =COUNTIF(G12:AK12,"T") -> 0 | AR12: =COUNTIF(G12:AK12,"ML") -> 0 | AS12: =COUNTIF(G12:AK12,"EL") -> 0 | AT12: 1 | AU12: =COUNTIF(P12:AT12,"SL") -> 0 | AV12: 2 | AW12: =COUNTIF(G12:AK12,"CL") -> 0 | AX12: 2 | AY12: =AL12+AM12+(AN12+AO12+AP12+AQ12+AR12+AS12+AU12+AW12) -> 0 | AZ12: =AY12-AM12-(AN12/2) -> 0
B13: JKT006 | C13: Deepak Borana | D13: 23rd June 2000 | E13: 6th Jan 2025 | F13: =$C$6 -> December | AL13: =COUNTIF(G13:AK13,"P") -> 0 | AM13: =COUNTIF(G13:AK13,"L") -> 0 | AN13: =COUNTIF(G13:AK13,"HD") -> 0 | AO13: =COUNTIF(G13:AK13,"NH") -> 0 | AP13: =COUNTIF(G13:AK13,"FH") -> 0 | AQ13: =COUNTIF(G13:AK13,"T") -> 0 | AR13: =COUNTIF(G13:AK13,"ML") -> 0 | AS13: =COUNTIF(G13:AK13,"EL") -> 0 | AT13: 1 | AU13: =COUNTIF(G13:AK13,"SL") -> 0 | AV13: 2 | AW13: =COUNTIF(G13:AK13,"CL") -> 0 | AX13: 2 | AY13: =AL13+AM13+(AN13+AO13+AP13+AQ13+AR13+AS13+AU13+AW13) -> 0 | AZ13: =AY13-AM13-(AN13/2) -> 0
A14: 13000 | B14: JKT007 | C14: Jincy Mathew | D14: 19th April 1999 | E14: 13th Jan 2025 | F14: =$C$6 -> December | G14: P | H14: P | I14: P | J14: P | K14: P | L14: L | M14: P | N14: P | O14: P | P14: P | Q14: P | R14: P | S14: L | T14: P | U14: P | V14: P | W14: P | X14: P | Y14: P | Z14: L | AA14: P | AB14: P | AC14: P | AD14: P | AE14: H | AF14: P | AG14: L | AH14: L | AI14: L | AJ14: L | AK14: L | AL14: =COUNTIF(G14:AK14,"P") -> 22 | AM14: =COUNTIF(G14:AK14,"L") -> 8 | AN14: =COUNTIF(G14:AK14,"HD") -> 0 | AO14: =COUNTIF(G14:AK14,"NH") -> 0 | AP14: =COUNTIF(G14:AK14,"FH") -> 0 | AQ14: =COUNTIF(G14:AK14,"T") -> 0 | AR14: =COUNTIF(G14:AK14,"ML") -> 0 | AS14: =COUNTIF(G14:AK14,"EL") -> 0 | AT14: 1 | AU14: =COUNTIF(G14:AK14,"SL") -> 0 | AV14: 2 | AW14: =COUNTIF(G14:AK14,"CL") -> 0 | AX14: 2 | AY14: =AL14+AM14+(AN14+AO14+AP14+AQ14+AR14+AS14+AU14+AW14) -> 30 | AZ14: =AY14-AM14-(AN14/2) -> 22
A15: 15000 | B15: JKT008 | C15: Sanjay Jaiswar | D15: 18th Feb 2002 | E15: 16th Jan 2025 | F15: =$C$6 -> December | G15: P | H15: P | I15: P | J15: P | K15: P | L15: P | M15: P | N15: P | O15: P | P15: P | Q15: P | R15: P | S15: P | T15: P | U15: P | V15: P | W15: P | X15: P | Y15: P | Z15: P | AA15: P | AB15: P | AC15: P | AD15: P | AE15: H | AF15: P | AG15: P | AH15: P | AI15: P | AJ15: P | AK15: P | AL15: =COUNTIF(G15:AK15,"P") -> 30 | AM15: =COUNTIF(G15:AK15,"L") -> 0 | AN15: =COUNTIF(G15:AK15,"HD") -> 0 | AO15: =COUNTIF(G15:AK15,"NH") -> 0 | AP15: =COUNTIF(G15:AK15,"FH") -> 0 | AQ15: =COUNTIF(G15:AK15,"T") -> 0 | AR15: =COUNTIF(G15:AK15,"ML") -> 0 | AS15: =COUNTIF(G15:AK15,"EL") -> 0 | AT15: 1 | AU15: =COUNTIF(G15:AK15,"SL") -> 0 | AV15: 2 | AW15: =COUNTIF(G15:AK15,"CL") -> 0 | AX15: 2 | AY15: =AL15+AM15+(AN15+AO15+AP15+AQ15+AR15+AS15+AU15+AW15) -> 30 | AZ15: =AY15-AM15-(AN15/2) -> 30
A16: 4837 | B16: JKT009 | C16: Chauhan Badal | D16: 12th Mar 2002 | E16: 30th Jan 2025 | F16: =$C$6 -> December | AL16: =COUNTIF(G16:AK16,"P") -> 0 | AM16: =COUNTIF(G16:AK16,"L") -> 0 | AN16: =COUNTIF(G16:AK16,"HD") -> 0 | AO16: =COUNTIF(G16:AK16,"NH") -> 0 | AP16: =COUNTIF(G16:AK16,"FH") -> 0 | AQ16: =COUNTIF(G16:AK16,"T") -> 0 | AR16: =COUNTIF(G16:AK16,"ML") -> 0 | AS16: =COUNTIF(G16:AK16,"EL") -> 0 | AT16: 1 | AU16: =COUNTIF(G16:AK16,"SL") -> 0 | AV16: 2 | AW16: =COUNTIF(G16:AK16,"CL") -> 0 | AX16: 2 | AY16: =AL16+AM16+(AN16+AO16+AP16+AQ16+AR16+AS16+AU16+AW16) -> 0 | AZ16: =AY16-AM16-(AN16/2) -> 0
A17: 12000 | B17: JKT010 | C17: Vikas Kotiyan | D17: 18th Sept 1999 | E17: 17th Mar 2025 | F17: =$C$6 -> December | G17: P | H17: P | I17: P | J17: P | K17: P | L17: P | M17: P | N17: P | O17: P | P17: P | Q17: P | R17: P | S17: P | T17: P | U17: P | V17: P | W17: P | X17: P | Y17: P | Z17: P | AA17: P | AB17: P | AC17: P | AD17: P | AE17: H | AF17: P | AG17: P | AH17: P | AI17: P | AJ17: P | AK17: P | AL17: =COUNTIF(G17:AK17,"P") -> 30 | AM17: =COUNTIF(G17:AK17,"L") -> 0 | AN17: =COUNTIF(G17:AK17,"HD") -> 0 | AO17: =COUNTIF(G17:AK17,"NH") -> 0 | AP17: =COUNTIF(G17:AK17,"FH") -> 0 | AQ17: =COUNTIF(G17:AK17,"T") -> 0 | AR17: =COUNTIF(G17:AK17,"ML") -> 0 | AS17: =COUNTIF(G17:AK17,"EL") -> 0 | AT17: 1 | AU17: =COUNTIF(G17:AK17,"SL") -> 0 | AV17: 2 | AW17: =COUNTIF(G17:AK17,"CL") -> 0 | AX17: 2 | AY17: =AL17+AM17+(AN17+AO17+AP17+AQ17+AR17+AS17+AU17+AW17) -> 30 | AZ17: =AY17-AM17-(AN17/2) -> 30
C18: Pratibha Tiwari | D18: 14th Feb 2004 | E18: 17th Apr 2025 | F18: =$C$6 -> December | AL18: =COUNTIF(G18:AK18,"P") -> 0 | AM18: =COUNTIF(G18:AK18,"L") -> 0 | AN18: =COUNTIF(G18:AK18,"HD") -> 0 | AO18: =COUNTIF(G18:AK18,"NH") -> 0 | AP18: =COUNTIF(G18:AK18,"FH") -> 0 | AQ18: =COUNTIF(G18:AK18,"T") -> 0 | AR18: =COUNTIF(G18:AK18,"ML") -> 0 | AS18: =COUNTIF(G18:AK18,"EL") -> 0 | AT18: 1 | AU18: =COUNTIF(G18:AK18,"SL") -> 0 | AV18: 2 | AW18: =COUNTIF(G18:AK18,"CL") -> 0 | AX18: 2 | AY18: =AL18+AM18+(AN18+AO18+AP18+AQ18+AR18+AS18+AU18+AW18) -> 0 | AZ18: =AY18-AM18-(AN18/2) -> 0
C19: Anupam Pal | D19: 10th Nov 2001 | E19: 5th May 2025 | F19: =$C$6 -> December | AL19: =COUNTIF(G19:AK19,"P") -> 0 | AM19: =COUNTIF(G19:AK19,"L") -> 0 | AN19: =COUNTIF(G19:AK19,"HD") -> 0 | AO19: =COUNTIF(G19:AK19,"NH") -> 0 | AP19: =COUNTIF(G19:AK19,"FH") -> 0 | AQ19: =COUNTIF(G19:AK19,"T") -> 0 | AR19: =COUNTIF(G19:AK19,"ML") -> 0 | AS19: =COUNTIF(G19:AK19,"EL") -> 0 | AT19: 1 | AU19: =COUNTIF(G19:AK19,"SL") -> 0 | AV19: 2 | AW19: =COUNTIF(G19:AK19,"CL") -> 0 | AX19: 2 | AY19: =AL19+AM19+(AN19+AO19+AP19+AQ19+AR19+AS19+AU19+AW19) -> 0 | AZ19: =AY19-AM19-(AN19/2) -> 0
B20: JKT011 | C20: Ruma Ramchandar Jaiswar | D20: 16th Sept 2003 | E20: 10th Nov 2025 | F20: =$C$6 -> December | G20: P | AL20: =COUNTIF(G20:AK20,"P") -> 1 | AM20: =COUNTIF(G20:AK20,"L") -> 0 | AN20: =COUNTIF(G20:AK20,"HD") -> 0 | AO20: =COUNTIF(G20:AK20,"NH") -> 0 | AP20: =COUNTIF(G20:AK20,"FH") -> 0 | AQ20: =COUNTIF(G20:AK20,"T") -> 0 | AR20: =COUNTIF(G20:AK20,"ML") -> 0 | AS20: =COUNTIF(G20:AK20,"EL") -> 0 | AT20: 1 | AU20: =COUNTIF(G20:AK20,"SL") -> 0 | AV20: 2 | AW20: =COUNTIF(G20:AK20,"CL") -> 0 | AX20: 2 | AY20: =AL20+AM20+(AN20+AO20+AP20+AQ20+AR20+AS20+AU20+AW20) -> 1 | AZ20: =AY20-AM20-(AN20/2) -> 1
C21: Pooja Kumawat | G21: P | H21: P | I21: P | J21: P | K21: P | L21: P | M21: P | N21: P | O21: P | P21: P | Q21: P | R21: P | S21: P | T21: P | U21: P | V21: P | W21: P | X21: P | Y21: P | Z21: P | AA21: P | AB21: P | AC21: P | AD21: P | AE21: H | AF21: L | AG21: L | AH21: P | AI21: P | AJ21: P | AK21: P
C22: Anurag Randive | G22: P | H22: P | I22: P | J22: P | K22: P | L22: P | M22: P | N22: P | O22: P | P22: P | Q22: P | R22: P | S22: P | T22: P | U22: P | V22: P | W22: P | X22: P | Y22: P | Z22: P | AA22: P | AB22: P | AC22: P | AD22: P | AE22: H | AF22: L | AG22: L | AH22: L | AI22: L | AJ22: P | AK22: P
A23: 13000 | B23: JKT012 | C23: Guruprasad Dineshkumar Shen | D23: 15th May 2007 | E23: 8th Dec 2025 | F23: December | N23: P | O23: P | P23: P | Q23: P | R23: P | S23: P | T23: P | U23: P | V23: P | W23: P | X23: P | Y23: P | Z23: P | AA23: P | AB23: P | AC23: P | AD23: P | AE23: H | AF23: P | AG23: P | AH23: P | AI23: P | AJ23: P | AK23: P | AL23: =COUNTIF(G23:AK23,"P") -> 23 | AM23: =COUNTIF(G23:AK23,"L") -> 0 | AN23: =COUNTIF(G23:AK23,"HD") -> 0 | AO23: =COUNTIF(G23:AK23,"NH") -> 0 | AP23: =COUNTIF(G23:AK23,"FH") -> 0 | AQ23: =COUNTIF(G23:AK23,"T") -> 0 | AR23: =COUNTIF(G23:AK23,"ML") -> 0 | AS23: =COUNTIF(G23:AK23,"EL") -> 0 | AT23: 1 | AU23: =COUNTIF(G23:AK23,"SL") -> 0 | AV23: 2 | AW23: =COUNTIF(G23:AK23,"CL") -> 0 | AX23: 2 | AY23: =AL23+AM23+(AN23+AO23+AP23+AQ23+AR23+AS23+AU23+AW23) -> 23 | AZ23: =AY23-AM23-(AN23/2) -> 23
A24: 10000 | B24: JKT013 | C24: Soham Roy | E24: 18th Dec 2025 | F24: December | X24: P | Y24: L | Z24: L | AA24: L | AB24: P | AC24: P | AD24: P | AE24: H | AF24: P | AG24: P | AH24: L | AI24: P | AJ24: P | AL24: =COUNTIF(G24:AK24,"P") -> 8 | AM24: =COUNTIF(G24:AK24,"L") -> 4 | AN24: =COUNTIF(G24:AK24,"HD") -> 0 | AO24: =COUNTIF(G24:AK24,"NH") -> 0 | AP24: =COUNTIF(G24:AK24,"FH") -> 0 | AQ24: =COUNTIF(G24:AK24,"T") -> 0 | AR24: =COUNTIF(G24:AK24,"ML") -> 0 | AS24: =COUNTIF(G24:AK24,"EL") -> 0 | AT24: 1 | AU24: =COUNTIF(G24:AK24,"SL") -> 0 | AV24: 2 | AW24: =COUNTIF(G24:AK24,"CL") -> 0 | AX24: 2 | AY24: =AL24+AM24+(AN24+AO24+AP24+AQ24+AR24+AS24+AU24+AW24) -> 12 | AZ24: =AY24-AM24-(AN24/2) -> 8
B25: Daily Attendance | G25: =COUNTIF(G13:G24,"P") -> 6 | H25: =COUNTIF(H13:H24,"P") -> 5 | I25: =COUNTIF(I13:I24,"P") -> 5 | J25: =COUNTIF(J13:J24,"P") -> 5 | K25: =COUNTIF(K13:K24,"P") -> 5 | L25: =COUNTIF(L13:L24,"P") -> 4 | M25: =COUNTIF(M13:M24,"P") -> 5 | N25: =COUNTIF(N13:N24,"P") -> 6 | ... AK25: =COUNTIF(AK13:AK24,"P") -> 5

Sheet Jan '26
G1: JAIKALKI TECHNOLOGY PVT. LTD.
G2: Employee Attendance Sheet
C3: =HLOOKUP(C6,$G$3:$R$4,2,0) -> 1 | G3: January | H3: February | I3: March | J3: April | K3: May | L3: June | M3: July | N3: August | O3: September | P3: October | Q3: Novemeber | R3: December
G4: 1 | H4: 2 | I4: 3 | J4: 4 | K4: 5 | L4: 6 | M4: 7 | N4: 8 | O4: 9 | P4: 10 | Q4: 11 | R4: 12
B5: Year | C5: 2026 | D5: D O B | E5: D O J / D O E | F5: D O E | G5: Date | H5: 1 | I5: 2 | J5: 3 | K5: 4 | L5: 5 | M5: 6 | N5: 7 | O5: 8 | P5: 9 | Q5: 10 | R5: 11 | S5: 12 | T5: 13 | U5: 14 | V5: 15 | W5: 16 | X5: 17 | Y5: 18 | Z5: 19 | AA5: 20 | AB5: 21 | AC5: 22 | AD5: 23 | AE5: 24 | AF5: 25 | AG5: 26 | AH5: 27 | AI5: 28 | AJ5: 29 | AK5: 30 | AL5: 31 | AM5: Monthly Attendance Summary
B6: Month | C6: January | G6: Type of Day | H6: =IF(H7="Sun","H","W") -> W | I6: =IF(I7="Sun","H","W") -> W | J6: =IF(J7="Sun","H","W") -> W | K6: =IF(K7="Sun","H","W") -> H | L6: =IF(L7="Sun","H","W") -> W | M6: =IF(M7="Sun","H","W") -> W | N6: =IF(N7="Sun","H","W") -> W | O6: =IF(O7="Sun","H","W") -> W | ... AL6: =IF(AL7="Sun","H","W") -> W
A7: In-hand Salary | B7: Emp. ID | C7: Employee Name | G7: Month | H7: =IFERROR(TEXT(DATE($C$5,$C$3,H$5),"ddd"),"") -> Thu | I7: =IFERROR(TEXT(DATE($C$5,$C$3,I$5),"ddd"),"") -> Fri | J7: =IFERROR(TEXT(DATE($C$5,$C$3,J$5),"ddd"),"") -> Sat | K7: =IFERROR(TEXT(DATE($C$5,$C$3,K$5),"ddd"),"") -> Sun | L7: =IFERROR(TEXT(DATE($C$5,$C$3,L$5),"ddd"),"") -> Mon | M7: =IFERROR(TEXT(DATE($C$5,$C$3,M$5),"ddd"),"") -> Tue | N7: =IFERROR(TEXT(DATE($C$5,$C$3,N$5),"ddd"),"") -> Wed | O7: =IFERROR(TEXT(DATE($C$5,$C$3,O$5),"ddd"),"") -> Thu | ... AL7: =IFERROR(TEXT(DATE($C$5,$C$3,AL$5),"ddd"),"") -> Sat | AM7: P | AN7: L | AO7: HD | AP7: NH | AQ7: FH | AR7: T | AS7: ML | AT7: EL | AU7: EL AL | AV7: SL | AW7: SL AL | AX7: CL | AY7: CL AL | AZ7: Working Days | BA7: Days Payable
A8: 40000 | B8: JKT001 | C8: Shyamveer Singh | D8: 11th Sept 1991 | E8: 14th Sept 2024 | G8: =$C$6 -> January | H8: P | I8: P | J8: P | K8: P | L8: P | M8: P | N8: P | O8: P | P8: P | Q8: P | R8: P | S8: P | T8: P | U8: P | V8: P | W8: P | X8: P | Y8: P | Z8: P | AA8: P | AB8: P | AC8: P | AD8: P | AE8: P | AF8: P | AG8: P | AH8: P | AI8: P | AJ8: P | AK8: P | AL8: P | AM8: =COUNTIF(H8:AL8,"P") -> 31 | AN8: =COUNTIF(H8:AL8,"L") -> 0 | AO8: =COUNTIF(H8:AL8,"HD") -> 0 | AP8: =COUNTIF(H8:AL8,"NH") -> 0 | AQ8: =COUNTIF(H8:AL8,"FH") -> 0 | AR8: =COUNTIF(H8:AL8,"T") -> 0 | AS8: =COUNTIF(H8:AL8,"ML") -> 0 | AT8: =COUNTIF(H8:AL8,"EL") -> 0 | AU8: 1 | AV8: =COUNTIF(Q8:AU8,"SL") -> 0 | AW8: 2 | AX8: =COUNTIF(H8:AL8,"CL") -> 0 | AY8: 2 | AZ8: =AM8+AN8+(AO8+AP8+AQ8+AR8+AS8+AT8+AV8+AX8) -> 31 | BA8: =AZ8-AN8-(AO8/2) -> 31
A9: 40000 | B9: JKT002 | C9: Rohitkumar Kannojiya | D9: 10th May 2001 | E9: 14th Sept 2024 | G9: =$C$6 -> January | H9: P | I9: P | J9: P | K9: P | L9: P | M9: P | N9: P | O9: P | P9: P | Q9: P | R9: P | S9: P | T9: P | U9: P | V9: P | W9: P | X9: P | Y9: P | Z9: P | AA9: P | AB9: P | AC9: P | AD9: P | AE9: P | AF9: P | AG9: P | AH9: P | AI9: P | AJ9: P | AK9: P | AL9: P | AM9: =COUNTIF(H9:AL9,"P") -> 31 | AN9: =COUNTIF(H9:AL9,"L") -> 0 | AO9: =COUNTIF(H9:AL9,"HD") -> 0 | AP9: =COUNTIF(H9:AL9,"NH") -> 0 | AQ9: =COUNTIF(H9:AL9,"FH") -> 0 | AR9: =COUNTIF(H9:AL9,"T") -> 0 | AS9: =COUNTIF(H9:AL9,"ML") -> 0 | AT9: =COUNTIF(H9:AL9,"EL") -> 0 | AU9: 1 | AV9: =COUNTIF(Q9:AU9,"SL") -> 0 | AW9: 2 | AX9: =COUNTIF(H9:AL9,"CL") -> 0 | AY9: 2 | AZ9: =AM9+AN9+(AO9+AP9+AQ9+AR9+AS9+AT9+AV9+AX9) -> 31 | BA9: =AZ9-AN9-(AO9/2) -> 31
A10: 40000 | B10: JKT003 | C10: Krunal Trivedi | D10: 29th May 1987 | E10: 14th Sept 2024 | G10: =$C$6 -> January | H10: P | I10: P | J10: P | K10: P | L10: P | M10: P | N10: P | O10: P | P10: P | Q10: P | R10: P | S10: P | T10: P | U10: P | V10: P | W10: P | X10: P | Y10: P | Z10: P | AA10: P | AB10: P | AC10: P | AD10: P | AE10: P | AF10: P | AG10: P | AH10: P | AI10: P | AJ10: P | AK10: P | AL10: P | AM10: =COUNTIF(H10:AL10,"P") -> 31 | AN10: =COUNTIF(H10:AL10,"L") -> 0 | AO10: =COUNTIF(H10:AL10,"HD") -> 0 | AP10: =COUNTIF(H10:AL10,"NH") -> 0 | AQ10: =COUNTIF(H10:AL10,"FH") -> 0 | AR10: =COUNTIF(H10:AL10,"T") -> 0 | AS10: =COUNTIF(H10:AL10,"ML") -> 0 | AT10: =COUNTIF(H10:AL10,"EL") -> 0 | AU10: 1 | AV10: =COUNTIF(Q10:AU10,"SL") -> 0 | AW10: 2 | AX10: =COUNTIF(H10:AL10,"CL") -> 0 | AY10: 2 | AZ10: =AM10+AN10+(AO10+AP10+AQ10+AR10+AS10+AT10+AV10+AX10) -> 31 | BA10: =AZ10-AN10-(AO10/2) -> 31
B11: JKT004 | C11: Ranjeetkumar Yadav | D11: 27th Mar 1987 | E11: 14th Sept 2024 | G11: =$C$6 -> January | AM11: =COUNTIF(H11:AL11,"P") -> 0 | AN11: =COUNTIF(H11:AL11,"L") -> 0 | AO11: =COUNTIF(H11:AL11,"HD") -> 0 | AP11: =COUNTIF(H11:AL11,"NH") -> 0 | AQ11: =COUNTIF(H11:AL11,"FH") -> 0 | AR11: =COUNTIF(H11:AL11,"T") -> 0 | AS11: =COUNTIF(H11:AL11,"ML") -> 0 | AT11: =COUNTIF(H11:AL11,"EL") -> 0 | AU11: 1 | AV11: =COUNTIF(Q11:AU11,"SL") -> 0 | AW11: 2 | AX11: =COUNTIF(H11:AL11,"CL") -> 0 | AY11: 2 | AZ11: =AM11+AN11+(AO11+AP11+AQ11+AR11+AS11+AT11+AV11+AX11) -> 0 | BA11: =AZ11-AN11-(AO11/2) -> 0
B12: JKT005 | C12: Santosh Vishwakarma | D12: 4th Jul 1998 | E12: 14th Sept 2024 | G12: =$C$6 -> January | AM12: =COUNTIF(H12:AL12,"P") -> 0 | AN12: =COUNTIF(H12:AL12,"L") -> 0 | AO12: =COUNTIF(H12:AL12,"HD") -> 0 | AP12: =COUNTIF(H12:AL12,"NH") -> 0 | AQ12: =COUNTIF(H12:AL12,"FH") -> 0 | AR12: =COUNTIF(H12:AL12,"T") -> 0 | AS12: =COUNTIF(H12:AL12,"ML") -> 0 | AT12: =COUNTIF(H12:AL12,"EL") -> 0 | AU12: 1 | AV12: =COUNTIF(Q12:AU12,"SL") -> 0 | AW12: 2 | AX12: =COUNTIF(H12:AL12,"CL") -> 0 | AY12: 2 | AZ12: =AM12+AN12+(AO12+AP12+AQ12+AR12+AS12+AT12+AV12+AX12) -> 0 | BA12: =AZ12-AN12-(AO12/2) -> 0
B13: JKT006 | C13: Deepak Borana | D13: 23rd June 2000 | E13: 6th Jan 2025 | F13: 16th May 2025 | G13: =$C$6 -> January | AM13: =COUNTIF(H13:AL13,"P") -> 0 | AN13: =COUNTIF(H13:AL13,"L") -> 0 | AO13: =COUNTIF(H13:AL13,"HD") -> 0 | AP13: =COUNTIF(H13:AL13,"NH") -> 0 | AQ13: =COUNTIF(H13:AL13,"FH") -> 0 | AR13: =COUNTIF(H13:AL13,"T") -> 0 | AS13: =COUNTIF(H13:AL13,"ML") -> 0 | AT13: =COUNTIF(H13:AL13,"EL") -> 0 | AU13: 1 | AV13: =COUNTIF(H13:AL13,"SL") -> 0 | AW13: 2 | AX13: =COUNTIF(H13:AL13,"CL") -> 0 | AY13: 2 | AZ13: =AM13+AN13+(AO13+AP13+AQ13+AR13+AS13+AT13+AV13+AX13) -> 0 | BA13: =AZ13-AN13-(AO13/2) -> 0
A14: 13000 | B14: JKT007 | C14: Jincy Mathew | D14: 19th April 1999 | E14: 13th Jan 2025 | G14: =$C$6 -> January | H14: P | I14: P | J14: L | K14: P | L14: P | M14: P | N14: P | O14: P | P14: P | Q14: L | R14: P | S14: P | T14: P | U14: H | V14: P | W14: P | X14: L | Y14: P | Z14: P | AA14: P | AB14: P | AC14: P | AD14: P | AE14: L | AF14: P | AG14: H | AH14: P | AI14: P | AJ14: P | AK14: P | AL14: L | AM14: =COUNTIF(H14:AL14,"P") -> 24 | AN14: =COUNTIF(H14:AL14,"L") -> 5 | AO14: =COUNTIF(H14:AL14,"HD") -> 0 | AP14: =COUNTIF(H14:AL14,"NH") -> 0 | AQ14: =COUNTIF(H14:AL14,"FH") -> 0 | AR14: =COUNTIF(H14:AL14,"T") -> 0 | AS14: =COUNTIF(H14:AL14,"ML") -> 0 | AT14: =COUNTIF(H14:AL14,"EL") -> 0 | AU14: 1 | AV14: =COUNTIF(H14:AL14,"SL") -> 0 | AW14: 2 | AX14: =COUNTIF(H14:AL14,"CL") -> 0 | AY14: 2 | AZ14: =AM14+AN14+(AO14+AP14+AQ14+AR14+AS14+AT14+AV14+AX14) -> 29 | BA14: =AZ14-AN14-(AO14/2) -> 24
A15: 15000 | B15: JKT008 | C15: Sanjay Jaiswar | D15: 18th Feb 2002 | E15: 16th Jan 2025 | G15: =$C$6 -> January | H15: P | I15: P | J15: P | K15: P | L15: P | M15: P | N15: P | O15: P | P15: P | Q15: P | R15: P | S15: P | T15: P | U15: H | V15: P | W15: P | X15: P | Y15: P | Z15: P | AA15: P | AB15: P | AC15: P | AD15: P | AE15: P | AF15: P | AG15: H | AH15: P | AI15: P | AJ15: P | AK15: P | AL15: P | AM15: =COUNTIF(H15:AL15,"P") -> 29 | AN15: =COUNTIF(H15:AL15,"L") -> 0 | AO15: =COUNTIF(H15:AL15,"HD") -> 0 | AP15: =COUNTIF(H15:AL15,"NH") -> 0 | AQ15: =COUNTIF(H15:AL15,"FH") -> 0 | AR15: =COUNTIF(H15:AL15,"T") -> 0 | AS15: =COUNTIF(H15:AL15,"ML") -> 0 | AT15: =COUNTIF(H15:AL15,"EL") -> 0 | AU15: 1 | AV15: =COUNTIF(H15:AL15,"SL") -> 0 | AW15: 2 | AX15: =COUNTIF(H15:AL15,"CL") -> 0 | AY15: 2 | AZ15: =AM15+AN15+(AO15+AP15+AQ15+AR15+AS15+AT15+AV15+AX15) -> 29 | BA15: =AZ15-AN15-(AO15/2) -> 29
B16: JKT009 | C16: Chauhan Badal | D16: 12th Mar 2002 | E16: 30th Jan 2025 | F16: 8th Nov 2025 | G16: =$C$6 -> January | AM16: =COUNTIF(H16:AL16,"P") -> 0 | AN16: =COUNTIF(H16:AL16,"L") -> 0 | AO16: =COUNTIF(H16:AL16,"HD") -> 0 | AP16: =COUNTIF(H16:AL16,"NH") -> 0 | AQ16: =COUNTIF(H16:AL16,"FH") -> 0 | AR16: =COUNTIF(H16:AL16,"T") -> 0 | AS16: =COUNTIF(H16:AL16,"ML") -> 0 | AT16: =COUNTIF(H16:AL16,"EL") -> 0 | AU16: 1 | AV16: =COUNTIF(H16:AL16,"SL") -> 0 | AW16: 2 | AX16: =COUNTIF(H16:AL16,"CL") -> 0 | AY16: 2 | AZ16: =AM16+AN16+(AO16+AP16+AQ16+AR16+AS16+AT16+AV16+AX16) -> 0 | BA16: =AZ16-AN16-(AO16/2) -> 0
A17: 12000 | B17: JKT010 | C17: Vikas Kotiyan | D17: 18th Sept 1999 | E17: 17th Mar 2025 | G17: =$C$6 -> January | H17: P | I17: P | J17: P | K17: P | L17: P | M17: P | N17: P | O17: P | P17: P | Q17: P | R17: P | S17: P | T17: P | U17: H | V17: P | W17: P | X17: P | Y17: P | Z17: P | AA17: P | AB17: P | AC17: P | AD17: P | AE17: P | AF17: P | AG17: H | AH17: P | AI17: P | AJ17: P | AK17: P | AL17: P | AM17: =COUNTIF(H17:AL17,"P") -> 29 | AN17: =COUNTIF(H17:AL17,"L") -> 0 | AO17: =COUNTIF(H17:AL17,"HD") -> 0 | AP17: =COUNTIF(H17:AL17,"NH") -> 0 | AQ17: =COUNTIF(H17:AL17,"FH") -> 0 | AR17: =COUNTIF(H17:AL17,"T") -> 0 | AS17: =COUNTIF(H17:AL17,"ML") -> 0 | AT17: =COUNTIF(H17:AL17,"EL") -> 0 | AU17: 1 | AV17: =COUNTIF(H17:AL17,"SL") -> 0 | AW17: 2 | AX17: =COUNTIF(H17:AL17,"CL") -> 0 | AY17: 2 | AZ17: =AM17+AN17+(AO17+AP17+AQ17+AR17+AS17+AT17+AV17+AX17) -> 29 | BA17: =AZ17-AN17-(AO17/2) -> 29
C18: Pratibha Tiwari | D18: 14th Feb 2004 | E18: 17th Apr 2025 | F18: 12th June 2025 | G18: =$C$6 -> January | AM18: =COUNTIF(H18:AL18,"P") -> 0 | AN18: =COUNTIF(H18:AL18,"L") -> 0 | AO18: =COUNTIF(H18:AL18,"HD") -> 0 | AP18: =COUNTIF(H18:AL18,"NH") -> 0 | AQ18: =COUNTIF(H18:AL18,"FH") -> 0 | AR18: =COUNTIF(H18:AL18,"T") -> 0 | AS18: =COUNTIF(H18:AL18,"ML") -> 0 | AT18: =COUNTIF(H18:AL18,"EL") -> 0 | AU18: 1 | AV18: =COUNTIF(H18:AL18,"SL") -> 0 | AW18: 2 | AX18: =COUNTIF(H18:AL18,"CL") -> 0 | AY18: 2 | AZ18: =AM18+AN18+(AO18+AP18+AQ18+AR18+AS18+AT18+AV18+AX18) -> 0 | BA18: =AZ18-AN18-(AO18/2) -> 0
C19: Anupam Pal | D19: 10th Nov 2001 | E19: 5th May 2025 | F19: 17th May 2025 | G19: =$C$6 -> January | AM19: =COUNTIF(H19:AL19,"P") -> 0 | AN19: =COUNTIF(H19:AL19,"L") -> 0 | AO19: =COUNTIF(H19:AL19,"HD") -> 0 | AP19: =COUNTIF(H19:AL19,"NH") -> 0 | AQ19: =COUNTIF(H19:AL19,"FH") -> 0 | AR19: =COUNTIF(H19:AL19,"T") -> 0 | AS19: =COUNTIF(H19:AL19,"ML") -> 0 | AT19: =COUNTIF(H19:AL19,"EL") -> 0 | AU19: 1 | AV19: =COUNTIF(H19:AL19,"SL") -> 0 | AW19: 2 | AX19: =COUNTIF(H19:AL19,"CL") -> 0 | AY19: 2 | AZ19: =AM19+AN19+(AO19+AP19+AQ19+AR19+AS19+AT19+AV19+AX19) -> 0 | BA19: =AZ19-AN19-(AO19/2) -> 0
B20: JKT011 | C20: Ruma Ramchandar Jaiswar | D20: 16th Sept 2003 | E20: 10th Nov 2025 | F20: 3rd Dec 2025 | G20: =$C$6 -> January | AM20: =COUNTIF(H20:AL20,"P") -> 0 | AN20: =COUNTIF(H20:AL20,"L") -> 0 | AO20: =COUNTIF(H20:AL20,"HD") -> 0 | AP20: =COUNTIF(H20:AL20,"NH") -> 0 | AQ20: =COUNTIF(H20:AL20,"FH") -> 0 | AR20: =COUNTIF(H20:AL20,"T") -> 0 | AS20: =COUNTIF(H20:AL20,"ML") -> 0 | AT20: =COUNTIF(H20:AL20,"EL") -> 0 | AU20: 1 | AV20: =COUNTIF(H20:AL20,"SL") -> 0 | AW20: 2 | AX20: =COUNTIF(H20:AL20,"CL") -> 0 | AY20: 2 | AZ20: =AM20+AN20+(AO20+AP20+AQ20+AR20+AS20+AT20+AV20+AX20) -> 0 | BA20: =AZ20-AN20-(AO20/2) -> 0
A21: 13000 | B21: JKT012 | C21: Guruprasad Dineshkumar Shen | D21: 15th May 2007 | E21: 8th Dec 2025 | G21: =$C$6 -> January | H21: P | I21: P | J21: P | K21: P | L21: P | M21: P | N21: P | O21: P | P21: P | Q21: P | R21: P | S21: P | T21: P | U21: H | V21: P | W21: P | X21: P | Y21: P | Z21: P | AA21: L | AB21: L | AC21: L | AD21: L | AE21: P | AF21: P | AG21: H | AH21: P | AI21: P | AJ21: P | AK21: P | AL21: P | AM21: =COUNTIF(H21:AL21,"P") -> 25 | AN21: =COUNTIF(H21:AL21,"L") -> 4 | AO21: =COUNTIF(H21:AL21,"HD") -> 0 | AP21: =COUNTIF(H21:AL21,"NH") -> 0 | AQ21: =COUNTIF(H21:AL21,"FH") -> 0 | AR21: =COUNTIF(H21:AL21,"T") -> 0 | AS21: =COUNTIF(H21:AL21,"ML") -> 0 | AT21: =COUNTIF(H21:AL21,"EL") -> 0 | AU21: 1 | AV21: =COUNTIF(H21:AL21,"SL") -> 0 | AW21: 2 | AX21: =COUNTIF(H21:AL21,"CL") -> 0 | AY21: 2 | AZ21: =AM21+AN21+(AO21+AP21+AQ21+AR21+AS21+AT21+AV21+AX21) -> 29 | BA21: =AZ21-AN21-(AO21/2) -> 25
A22: 10000 | B22: JKT013 | C22: Soham Roy | D22: 1st Nov 1990 | E22: 29th Dec 2025 | G22: =$C$6 -> January | H22: P | I22: P | J22: P | K22: P | L22: P | M22: P | N22: P | O22: P | P22: P | Q22: P | R22: P | S22: P | T22: P | U22: H | V22: P | W22: P | X22: P | Y22: P | Z22: P | AA22: P | AB22: P | AC22: P | AD22: P | AE22: P | AF22: P | AG22: H | AH22: P | AI22: P | AJ22: P | AK22: P | AL22: P | AM22: =COUNTIF(H22:AL22,"P") -> 29 | AN22: =COUNTIF(H22:AL22,"L") -> 0 | AO22: =COUNTIF(H22:AL22,"HD") -> 0 | AP22: =COUNTIF(H22:AL22,"NH") -> 0 | AQ22: =COUNTIF(H22:AL22,"FH") -> 0 | AR22: =COUNTIF(H22:AL22,"T") -> 0 | AS22: =COUNTIF(H22:AL22,"ML") -> 0 | AT22: =COUNTIF(H22:AL22,"EL") -> 0 | AU22: 1 | AV22: =COUNTIF(H22:AL22,"SL") -> 0 | AW22: 2 | AX22: =COUNTIF(H22:AL22,"CL") -> 0 | AY22: 2 | AZ22: =AM22+AN22+(AO22+AP22+AQ22+AR22+AS22+AT22+AV22+AX22) -> 29 | BA22: =AZ22-AN22-(AO22/2) -> 29
A23: 20000 | B23: JKT014 | C23: Pooja Kumawat | D23: 12th Oct 2004 | E23: 1st Jan 2026 | G23: =$C$6 -> January | H23: P | I23: P | J23: P | K23: P | L23: P | M23: P | N23: P | O23: P | P23: P | Q23: P | R23: P | S23: L | T23: L | U23: P | V23: P | W23: P | X23: P | Y23: P | Z23: L | AA23: P | AB23: L | AC23: P | AD23: L | AE23: P | AF23: P | AG23: P | AH23: P | AI23: P | AJ23: P | AK23: L | AL23: L | AM23: =COUNTIF(H23:AL23,"P") -> 24 | AN23: =COUNTIF(H23:AL23,"L") -> 7 | AO23: =COUNTIF(H23:AL23,"HD") -> 0 | AP23: =COUNTIF(H23:AL23,"NH") -> 0 | AQ23: =COUNTIF(H23:AL23,"FH") -> 0 | AR23: =COUNTIF(H23:AL23,"T") -> 0 | AS23: =COUNTIF(H23:AL23,"ML") -> 0 | AT23: =COUNTIF(H23:AL23,"EL") -> 0 | AU23: 1 | AV23: =COUNTIF(H23:AL23,"SL") -> 0 | AW23: 2 | AX23: =COUNTIF(H23:AL23,"CL") -> 0 | AY23: 2 | AZ23: =AM23+AN23+(AO23+AP23+AQ23+AR23+AS23+AT23+AV23+AX23) -> 31 | BA23: =AZ23-AN23-(AO23/2) -> 24
A24: 12000 | B24: JKT015 | C24: Atharv Sachin Parte | D24: 28th Apr 2004 | E24: 21st Jan 2026 | G24: =$C$6 -> January | AB24: P | AC24: P | AD24: P | AE24: L | AF24: P | AG24: H | AH24: L | AI24: P | AJ24: P | AK24: P | AL24: P | AM24: =COUNTIF(H24:AL24,"P") -> 8 | AN24: =COUNTIF(H24:AL24,"L") -> 2 | AO24: =COUNTIF(H24:AL24,"HD") -> 0 | AP24: =COUNTIF(H24:AL24,"NH") -> 0 | AQ24: =COUNTIF(H24:AL24,"FH") -> 0 | AR24: =COUNTIF(H24:AL24,"T") -> 0 | AS24: =COUNTIF(H24:AL24,"ML") -> 0 | AT24: =COUNTIF(H24:AL24,"EL") -> 0 | AU24: 1 | AV24: =COUNTIF(H24:AL24,"SL") -> 0 | AW24: 2 | AX24: =COUNTIF(H24:AL24,"CL") -> 0 | AY24: 2 | AZ24: =AM24+AN24+(AO24+AP24+AQ24+AR24+AS24+AT24+AV24+AX24) -> 10 | BA24: =AZ24-AN24-(AO24/2) -> 8
A25: 25000 | C25: Anurag Randive | G25: =$C$6 -> January | H25: L | I25: P | J25: P | K25: P | L25: P | M25: P | N25: P | O25: P | P25: P | Q25: P | R25: P | S25: P | T25: P | U25: H | V25: P | W25: P | X25: P | Y25: P | Z25: P | AA25: P | AB25: P | AC25: P | AD25: P | AE25: P | AF25: P | AG25: H | AH25: P | AI25: P | AJ25: P | AK25: P | AL25: P | AM25: =COUNTIF(H25:AL25,"P") -> 28 | AN25: =COUNTIF(H25:AL25,"L") -> 1 | AO25: =COUNTIF(H25:AL25,"HD") -> 0 | AP25: =COUNTIF(H25:AL25,"NH") -> 0 | AQ25: =COUNTIF(H25:AL25,"FH") -> 0 | AR25: =COUNTIF(H25:AL25,"T") -> 0 | AS25: =COUNTIF(H25:AL25,"ML") -> 0 | AT25: =COUNTIF(H25:AL25,"EL") -> 0 | AU25: 1 | AV25: =COUNTIF(H25:AL25,"SL") -> 0 | AW25: 2 | AX25: =COUNTIF(H25:AL25,"CL") -> 0 | AY25: 2 | AZ25: =AM25+AN25+(AO25+AP25+AQ25+AR25+AS25+AT25+AV25+AX25) -> 29 | BA25: =AZ25-AN25-(AO25/2) -> 28
B26: Daily Attendance | H26: =COUNTIF(H13:H25,"P") -> 6 | I26: =COUNTIF(I13:I25,"P") -> 7 | J26: =COUNTIF(J13:J25,"P") -> 6 | K26: =COUNTIF(K13:K25,"P") -> 7 | L26: =COUNTIF(L13:L25,"P") -> 7 | M26: =COUNTIF(M13:M25,"P") -> 7 | N26: =COUNTIF(N13:N25,"P") -> 7 | O26: =COUNTIF(O13:O25,"P") -> 7 | ... AL26: =COUNTIF(AL13:AL25,"P") -> 6

Sheet Feb '26
F1: JAIKALKI TECHNOLOGY PVT. LTD.
F2: Employee Attendance Sheet
C3: =HLOOKUP(C6,$F$3:$Q$4,2,0) -> 2 | F3: January | G3: February | H3: March | I3: April | J3: May | K3: June | L3: July | M3: August | N3: September | O3: October | P3: Novemeber | Q3: December
F4: 1 | G4: 2 | H4: 3 | I4: 4 | J4: 5 | K4: 6 | L4: 7 | M4: 8 | N4: 9 | O4: 10 | P4: 11 | Q4: 12
B5: Year | C5: 2026 | D5: D O B | E5: D O J / D O E | F5: Date | G5: 1 | H5: 2 | I5: 3 | J5: 4 | K5: 5 | L5: 6 | M5: 7 | N5: 8 | O5: 9 | P5: 10 | Q5: 11 | R5: 12 | S5: 13 | T5: 14 | U5: 15 | V5: 16 | W5: 17 | X5: 18 | Y5: 19 | Z5: 20 | AA5: 21 | AB5: 22 | AC5: 23 | AD5: 24 | AE5: 25 | AF5: 26 | AG5: 27 | AH5: 28 | AI5: 29 | AJ5: 30 | AK5: 31 | AL5: Monthly Attendance Summary
B6: Month | C6: February | F6: Type of Day | G6: =IF(G7="Sun","H","W") -> H | H6: =IF(H7="Sun","H","W") -> W | I6: =IF(I7="Sun","H","W") -> W | J6: =IF(J7="Sun","H","W") -> W | K6: =IF(K7="Sun","H","W") -> W | L6: =IF(L7="Sun","H","W") -> W | M6: =IF(M7="Sun","H","W") -> W | N6: =IF(N7="Sun","H","W") -> H | ... AK6: =IF(AK7="Sun","H","W") -> W
A7: In-hand Salary | B7: Emp. ID | C7: Employee Name | F7: Month | G7: =IFERROR(TEXT(DATE($C$5,$C$3,G$5),"ddd"),"") -> Sun | H7: =IFERROR(TEXT(DATE($C$5,$C$3,H$5),"ddd"),"") -> Mon | I7: =IFERROR(TEXT(DATE($C$5,$C$3,I$5),"ddd"),"") -> Tue | J7: =IFERROR(TEXT(DATE($C$5,$C$3,J$5),"ddd"),"") -> Wed | K7: =IFERROR(TEXT(DATE($C$5,$C$3,K$5),"ddd"),"") -> Thu | L7: =IFERROR(TEXT(DATE($C$5,$C$3,L$5),"ddd"),"") -> Fri | M7: =IFERROR(TEXT(DATE($C$5,$C$3,M$5),"ddd"),"") -> Sat | N7: =IFERROR(TEXT(DATE($C$5,$C$3,N$5),"ddd"),"") -> Sun | ... AK7: =IFERROR(TEXT(DATE($C$5,$C$3,AK$5),"ddd"),"") -> Tue | AL7: P | AM7: L | AN7: HD | AO7: NH | AP7: FH | AQ7: T | AR7: ML | AS7: EL | AT7: EL AL | AU7: SL | AV7: SL AL | AW7: CL | AX7: CL AL | AY7: Working Days | AZ7: Days Payable
A8: 40000 | B8: JKT001 | C8: Shyamveer Singh | D8: 11th Sept 1991 | E8: 14th Sept 2024 | F8: =$C$6 -> February | G8: P | H8: P | I8: P | J8: P | K8: P | L8: P | M8: P | N8: P | O8: P | P8: P | Q8: P | R8: P | S8: P | T8: P | U8: P | V8: P | W8: P | X8: P | Y8: P | Z8: P | AA8: P | AB8: P | AC8: P | AD8: P | AE8: P | AF8: P | AG8: P | AH8: P | AL8: =COUNTIF(G8:AK8,"P") -> 28 | AM8: =COUNTIF(G8:AK8,"L") -> 0 | AN8: =COUNTIF(G8:AK8,"HD") -> 0 | AO8: =COUNTIF(G8:AK8,"NH") -> 0 | AP8: =COUNTIF(G8:AK8,"FH") -> 0 | AQ8: =COUNTIF(G8:AK8,"T") -> 0 | AR8: =COUNTIF(G8:AK8,"ML") -> 0 | AS8: =COUNTIF(G8:AK8,"EL") -> 0 | AT8: 1 | AU8: =COUNTIF(P8:AT8,"SL") -> 0 | AV8: 2 | AW8: =COUNTIF(G8:AK8,"CL") -> 0 | AX8: 2 | AY8: =AL8+AM8+(AN8+AO8+AP8+AQ8+AR8+AS8+AU8+AW8) -> 28 | AZ8: =AY8-AM8-(AN8/2) -> 28
A9: 40000 | B9: JKT002 | C9: Rohitkumar Kannojiya | D9: 10th May 2001 | E9: 14th Sept 2024 | F9: =$C$6 -> February | G9: P | H9: P | I9: P | J9: P | K9: P | L9: P | M9: P | N9: P | O9: P | P9: P | Q9: P | R9: P | S9: P | T9: P | U9: P | V9: P | W9: P | X9: P | Y9: P | Z9: P | AA9: P | AB9: P | AC9: P | AD9: P | AE9: P | AF9: P | AG9: P | AH9: P | AL9: =COUNTIF(G9:AK9,"P") -> 28 | AM9: =COUNTIF(G9:AK9,"L") -> 0 | AN9: =COUNTIF(G9:AK9,"HD") -> 0 | AO9: =COUNTIF(G9:AK9,"NH") -> 0 | AP9: =COUNTIF(G9:AK9,"FH") -> 0 | AQ9: =COUNTIF(G9:AK9,"T") -> 0 | AR9: =COUNTIF(G9:AK9,"ML") -> 0 | AS9: =COUNTIF(G9:AK9,"EL") -> 0 | AT9: 1 | AU9: =COUNTIF(P9:AT9,"SL") -> 0 | AV9: 2 | AW9: =COUNTIF(G9:AK9,"CL") -> 0 | AX9: 2 | AY9: =AL9+AM9+(AN9+AO9+AP9+AQ9+AR9+AS9+AU9+AW9) -> 28 | AZ9: =AY9-AM9-(AN9/2) -> 28
A10: 40000 | B10: JKT003 | C10: Krunal Trivedi | D10: 29th May 1987 | E10: 14th Sept 2024 | F10: =$C$6 -> February | G10: P | H10: P | I10: P | J10: P | K10: P | L10: P | M10: P | N10: P | O10: P | P10: P | Q10: P | R10: P | S10: P | T10: P | U10: P | V10: P | W10: P | X10: P | Y10: P | Z10: P | AA10: P | AB10: P | AC10: P | AD10: P | AE10: P | AF10: P | AG10: P | AH10: P | AL10: =COUNTIF(G10:AK10,"P") -> 28 | AM10: =COUNTIF(G10:AK10,"L") -> 0 | AN10: =COUNTIF(G10:AK10,"HD") -> 0 | AO10: =COUNTIF(G10:AK10,"NH") -> 0 | AP10: =COUNTIF(G10:AK10,"FH") -> 0 | AQ10: =COUNTIF(G10:AK10,"T") -> 0 | AR10: =COUNTIF(G10:AK10,"ML") -> 0 | AS10: =COUNTIF(G10:AK10,"EL") -> 0 | AT10: 1 | AU10: =COUNTIF(P10:AT10,"SL") -> 0 | AV10: 2 | AW10: =COUNTIF(G10:AK10,"CL") -> 0 | AX10: 2 | AY10: =AL10+AM10+(AN10+AO10+AP10+AQ10+AR10+AS10+AU10+AW10) -> 28 | AZ10: =AY10-AM10-(AN10/2) -> 28
A11: 13000 | B11: JKT007 | C11: Jincy Mathew | D11: 19th April 1999 | E11: 13th Jan 2025 | F11: =$C$6 -> February | G11: P | H11: P | I11: P | J11: P | K11: P | L11: P | M11: L | N11: P | O11: P | P11: P | Q11: P | R11: P | S11: P | T11: L | U11: P | V11: P | W11: L | X11: P | Y11: P | Z11: P | AA11: L | AB11: P | AC11: P | AD11: P | AE11: P | AF11: P | AG11: P | AH11: L | AL11: =COUNTIF(G11:AK11,"P") -> 23 | AM11: =COUNTIF(G11:AK11,"L") -> 5 | AN11: =COUNTIF(G11:AK11,"HD") -> 0 | AO11: =COUNTIF(G11:AK11,"NH") -> 0 | AP11: =COUNTIF(G11:AK11,"FH") -> 0 | AQ11: =COUNTIF(G11:AK11,"T") -> 0 | AR11: =COUNTIF(G11:AK11,"ML") -> 0 | AS11: =COUNTIF(G11:AK11,"EL") -> 0 | AT11: 1 | AU11: =COUNTIF(G11:AK11,"SL") -> 0 | AV11: 2 | AW11: =COUNTIF(G11:AK11,"CL") -> 0 | AX11: 2 | AY11: =AL11+AM11+(AN11+AO11+AP11+AQ11+AR11+AS11+AU11+AW11) -> 28 | AZ11: =AY11-AM11-(AN11/2) -> 23
A12: 15000 | B12: JKT008 | C12: Sanjay Jaiswar | D12: 18th Feb 2002 | E12: 16th Jan 2025 | F12: =$C$6 -> February | G12: P | H12: P | I12: P | J12: P | K12: P | L12: P | M12: P | N12: P | O12: P | P12: P | Q12: P | R12: P | S12: P | T12: P | U12: P | V12: P | W12: P | X12: P | Y12: P | Z12: P | AA12: P | AB12: P | AC12: P | AD12: P | AE12: P | AF12: P | AG12: P | AH12: P | AL12: =COUNTIF(G12:AK12,"P") -> 28 | AM12: =COUNTIF(G12:AK12,"L") -> 0 | AN12: =COUNTIF(G12:AK12,"HD") -> 0 | AO12: =COUNTIF(G12:AK12,"NH") -> 0 | AP12: =COUNTIF(G12:AK12,"FH") -> 0 | AQ12: =COUNTIF(G12:AK12,"T") -> 0 | AR12: =COUNTIF(G12:AK12,"ML") -> 0 | AS12: =COUNTIF(G12:AK12,"EL") -> 0 | AT12: 1 | AU12: =COUNTIF(G12:AK12,"SL") -> 0 | AV12: 2 | AW12: =COUNTIF(G12:AK12,"CL") -> 0 | AX12: 2 | AY12: =AL12+AM12+(AN12+AO12+AP12+AQ12+AR12+AS12+AU12+AW12) -> 28 | AZ12: =AY12-AM12-(AN12/2) -> 28
